GeoUID_csd,Type_csd,Region Name_csd,Area (sq km)_csd,Population_csd,Dwellings_csd,Households_csd,CD_UID_csd,PR_UID_csd,CMA_UID_csd,total_occupied_private_dwellings_csd,single_detached_houses_csd,apartment_in_building_plus_5_csd,semi_detached_house_csd,row_house_csd,apartment_in_duplex_csd,apartment_in_building_less_5_csd,households_more_than_30_csd,median_shelter_costs_owned_csd,median_shelter_costs_rented_csd,single_detached_houses_pct_csd,semi_detached_house_pct_csd,row_house_pct_csd,apartment_in_duplex_pct_csd,apartment_in_building_less_5_pct_csd,apartment_in_building_plus_5_pct_csd,pop_density_csd
3501005,CSD,South Glengarry (TP),605.0159,13330,5848,5431,3501,35,,5430,5055,0,105,40,70,110,660,1010,850,0.930939226519337,0.019337016574585635,0.007366482504604052,0.01289134438305709,0.020257826887661142,0,22.032478815845998
3501007,CSD,Akwesasne (Part) 59 (IRI),11.8096,0,0,0,3501,35,,NA,NA,NA,NA,NA,NA,NA,NA,NA,NA,NA,NA,NA,NA,NA,NA,0
3501011,CSD,South Stormont (TP),447.7113,13570,5583,5412,3501,35,35501,5415,4915,5,80,90,35,215,570,1020,1050,0.9076638965835642,0.014773776546629732,0.01662049861495845,0.006463527239150508,0.03970452446906741,9.233610341643582e-4,30.30971074440158
3501012,CSD,Cornwall (CY),61.5044,47845,22214,21386,3501,35,35501,21385,10480,1145,2190,1175,1780,4445,4705,900,880,0.4900631283610007,0.10240823006780454,0.054945054945054944,0.08323591302314706,0.2078559738134206,0.05354220247837269,777.9118241946918
3501020,CSD,South Dundas (MU),521.5418,11044,4821,4651,3501,35,,4650,3725,30,325,210,40,250,625,890,890,0.8010752688172043,0.06989247311827956,0.04516129032258064,0.008602150537634409,0.053763440860215055,0.0064516129032258064,21.175675660129258
3501030,CSD,North Dundas (TP),502.4055,11304,4673,4537,3501,35,,4540,3855,0,110,55,75,380,555,1270,950,0.8491189427312775,0.024229074889867842,0.012114537444933921,0.016519823788546256,0.08370044052863436,0,22.49975368502136
3501042,CSD,North Stormont (TP),515.464,7400,2949,2853,3501,35,,2855,2510,5,95,35,30,170,350,1120,950,0.8791593695271454,0.03327495621716287,0.012259194395796848,0.010507880910683012,0.0595446584938704,0.0017513134851138354,14.355997703040366
3501050,CSD,North Glengarry (TP),643.4009,10144,4714,4422,3501,35,,4420,3490,5,145,65,130,460,685,830,860,0.7895927601809954,0.032805429864253395,0.014705882352941176,0.029411764705882353,0.10407239819004525,0.0011312217194570137,15.76621978613956
3502001,CSD,East Hawkesbury (TP),235.0642,3418,1507,1425,3502,35,,1425,1310,0,25,0,15,25,235,1020,750,0.9192982456140351,0.017543859649122806,0,0.010526315789473684,0.017543859649122806,0,14.540708453265108
3502008,CSD,Hawkesbury (T),10.0965,10194,5308,5080,3502,35,502,5080,1820,0,685,260,815,1475,1105,870,810,0.35826771653543305,0.13484251968503938,0.051181102362204724,0.16043307086614172,0.2903543307086614,0,1009.6568117664536
3502010,CSD,Champlain (TP),207.0178,8665,3964,3750,3502,35,,3750,3090,0,180,25,95,335,470,910,800,0.824,0.048,0.006666666666666667,0.025333333333333333,0.08933333333333333,0,41.856304143894874
3502023,CSD,Alfred and Plantagenet (TP),391.7865,9949,4297,4080,3502,35,,4080,3025,0,425,90,90,385,675,1210,990,0.741421568627451,0.10416666666666667,0.022058823529411766,0.022058823529411766,0.09436274509803921,0,25.393932664857008
3502025,CSD,The Nation / La Nation (M),658.9268,13350,5259,5104,3502,35,,5105,4250,0,230,80,105,405,645,1420,1090,0.8325171400587659,0.04505386875612145,0.015670910871694418,0.02056807051909892,0.07933398628795299,0,20.26021706811743
3502036,CSD,Clarence-Rockland (C),297.4659,26505,10316,10095,3502,35,505,10095,7525,65,380,555,415,1030,1400,1560,1140,0.745418524021793,0.037642397226349676,0.0549777117384844,0.04110946012877662,0.1020307082714215,0.0064388311045071814,89.10265008527028
3502044,CSD,Casselman (VL),5.128,3960,1630,1578,3502,35,,1580,1050,5,100,75,165,185,245,1400,1010,0.6645569620253164,0.06329113924050633,0.04746835443037975,0.10443037974683544,0.11708860759493671,0.0031645569620253164,772.2308892355694
3502048,CSD,Russell (TP),198.7812,19598,7335,7226,3502,35,505,7225,5705,0,500,125,145,715,845,1740,1240,0.7896193771626298,0.06920415224913495,0.01730103806228374,0.020069204152249134,0.09896193771626298,0,98.5908124108316
3506008,CSD,Ottawa (CV),2788.1967,1017449,427113,407252,3506,35,505,407250,169760,76895,21675,87045,7595,43025,81575,1560,1380,0.41684468999386126,0.053222836095764274,0.21373848987108657,0.018649478207489256,0.1056476365868631,0.18881522406384285,364.91292023980947
3507004,CSD,Edwardsburgh/Cardinal (TP),309.914,7505,3285,3138,3507,35,,3135,2605,65,115,50,35,260,405,1120,1010,0.8309409888357256,0.03668261562998405,0.01594896331738437,0.011164274322169059,0.08293460925039872,0.02073365231259968,24.216395516175456
3507006,CSD,Augusta (TP),313.7729,7386,3046,2952,3507,35,,2950,2795,0,40,20,15,50,300,1030,1030,0.9474576271186441,0.013559322033898305,0.006779661016949152,0.005084745762711864,0.01694915254237288,0,23.53931776772309
3507008,CSD,Prescott (T),4.937,4078,1993,1889,3507,35,,1890,1090,5,225,70,115,345,415,950,950,0.5767195767195767,0.11904761904761904,0.037037037037037035,0.06084656084656084,0.18253968253968253,0.0026455026455026454,826.0076969819728
3507014,CSD,Elizabethtown-Kitley (TP),555.9599,9545,4029,3791,3507,35,35512,3790,3600,0,30,25,30,55,420,960,1050,0.9498680738786279,0.0079155672823219,0.006596306068601583,0.0079155672823219,0.014511873350923483,0,17.16850441911368
3507015,CSD,Brockville (CY),20.9072,22116,11088,10647,3507,35,35512,10650,5055,685,955,820,95,2950,2355,950,960,0.47464788732394364,0.08967136150234742,0.07699530516431925,0.00892018779342723,0.27699530516431925,0.06431924882629109,1057.81740261728
3507017,CSD,Front of Yonge (TP),125.2542,2595,1208,1073,3507,35,,1070,1030,0,5,0,0,35,155,980,890,0.9626168224299065,0.004672897196261682,0,0,0.03271028037383177,0,20.717868143343697
3507021,CSD,Leeds and the Thousand Islands (TP),608.0873,9804,5040,3994,3507,35,,3995,3755,0,35,5,25,55,510,1080,850,0.9399249061326659,0.008760951188986232,0.0012515644555694619,0.006257822277847309,0.01376720901126408,0,16.122685015786384
3507024,CSD,Gananoque (T),7.0051,5383,2767,2562,3507,35,,2560,1350,115,225,140,70,650,580,1100,1000,0.52734375,0.087890625,0.0546875,0.02734375,0.25390625,0.044921875,768.440136471999
3507033,CSD,Westport (VL),2.1936,634,359,334,3507,35,,335,215,0,15,20,10,60,85,940,900,0.6417910447761194,0.04477611940298507,0.05970149253731343,0.029850746268656716,0.1791044776119403,0,289.02261123267687
3507040,CSD,Rideau Lakes (TP),711.808,10883,6781,4696,3507,35,,4695,4315,0,50,35,15,95,580,870,870,0.919062832800852,0.010649627263045794,0.007454739084132056,0.003194888178913738,0.02023429179978701,0,15.289235299406581
3507042,CSD,Athens (TP),129.5379,3042,1325,1214,3507,35,,1215,1155,0,15,15,5,15,115,860,800,0.9506172839506173,0.012345679012345678,0.012345679012345678,0.00411522633744856,0.012345679012345678,0,23.483474720525805
3507052,CSD,Merrickville-Wolford (VL),214.3308,3135,1392,1290,3507,35,,1290,1160,0,20,5,20,75,210,1250,960,0.8992248062015504,0.015503875968992248,0.003875968992248062,0.015503875968992248,0.05813953488372093,0,14.626922495506944
3507065,CSD,North Grenville (MU),351.8995,17964,7244,7038,3507,35,505,7035,5790,0,315,375,85,425,945,1420,1350,0.8230277185501066,0.04477611940298507,0.053304904051172705,0.012082444918265814,0.06041222459132907,0,51.048665883299066
3509001,CSD,Montague (TP),278.4703,3914,1551,1503,3509,35,,1505,1450,0,35,10,0,5,175,1270,1320,0.9634551495016611,0.023255813953488372,0.006644518272425249,0,0.0033222591362126247,0,14.055358865918555
3509004,CSD,Smiths Falls (T),9.659,9254,4523,4311,3509,35,,4310,2285,45,590,150,115,1105,1105,1040,1000,0.5301624129930395,0.1368909512761021,0.03480278422273782,0.02668213457076566,0.25638051044083526,0.010440835266821345,958.0701936018221
3509010,CSD,Drummond/North Elmsley (TP),365.6714,8183,3708,3287,3509,35,,3285,3075,0,15,15,10,40,360,1070,1050,0.9360730593607306,0.0045662100456621,0.0045662100456621,0.0030441400304414,0.0121765601217656,0,22.378014796891417
3509015,CSD,Tay Valley (TP),528.6749,5925,3750,2419,3509,35,,2420,2350,0,15,0,0,30,305,830,1000,0.9710743801652892,0.006198347107438017,0,0,0.012396694214876033,0,11.207265561501028
3509021,CSD,Perth (T),12.2102,6469,3395,3271,3509,35,,3270,1655,75,295,160,20,1035,750,800,970,0.5061162079510704,0.09021406727828746,0.04892966360856269,0.0061162079510703364,0.3165137614678899,0.022935779816513763,529.802951630604
3509024,CSD,Beckwith (TP),239.3122,9021,3523,3371,3509,35,505,3370,3185,0,15,5,10,10,385,1660,900,0.9451038575667656,0.004451038575667656,0.001483679525222552,0.002967359050445104,0.002967359050445104,0,37.695529103823375
3509028,CSD,Carleton Place (T),9.9385,12517,5341,5210,3509,35,505,5210,2775,0,630,765,20,975,1130,1470,1410,0.5326295585412668,0.12092130518234165,0.14683301343570057,0.003838771593090211,0.1871401151631478,0,1259.4455903808423
3509030,CSD,Mississippi Mills (T),511.2485,14740,6241,6043,3509,35,505,6045,4660,140,275,490,75,395,830,1290,1100,0.770885028949545,0.045492142266335814,0.08105872622001654,0.01240694789081886,0.065343258891646,0.02315963606286187,28.831380434368025
3509039,CSD,Lanark Highlands (TP),1031.5228,5737,3409,2494,3509,35,,2495,2335,0,25,5,5,60,370,980,990,0.935871743486974,0.01002004008016032,0.002004008016032064,0.002004008016032064,0.02404809619238477,0,5.561680265331993
3510005,CSD,Frontenac Islands (TP),176.8162,1930,1212,903,3510,35,35521,905,885,0,0,0,5,5,105,920,1000,0.9779005524861878,0,0,0.0055248618784530384,0.0055248618784530384,0,10.91528943614895
3510010,CSD,Kingston (CY),451.5833,132485,63095,57836,3510,35,35521,57840,27790,9745,4255,4005,2330,9410,14380,1310,1250,0.480463347164592,0.07356500691562932,0.06924273858921162,0.040283540802213004,0.16269017980636238,0.16848201936376211,293.37887384232323
3510020,CSD,South Frontenac (TP),948.0507,20188,9503,7937,3510,35,35521,7940,7645,0,40,10,30,125,890,1220,960,0.9628463476070529,0.005037783375314861,0.0012594458438287153,0.003778337531486146,0.015743073047858942,0,21.294219813349645
3510035,CSD,Central Frontenac (TP),991.4067,4892,3618,2177,3510,35,,2175,2090,0,20,10,15,15,320,840,760,0.960919540229885,0.009195402298850575,0.004597701149425287,0.006896551724137931,0.006896551724137931,0,4.934402803612281
3510045,CSD,North Frontenac (TP),1157.9656,2285,2798,1131,3510,35,,1130,1105,0,5,0,0,0,130,604,800,0.9778761061946902,0.004424778761061947,0,0,0,0,1.9732883256635603
3511005,CSD,Loyalist (TP),342.7183,17943,7145,6830,3511,35,35521,6830,5350,135,280,590,35,385,1105,1390,1120,0.7833089311859444,0.040995607613469986,0.08638360175695461,0.005124450951683748,0.05636896046852123,0.019765739385065886,52.354951573931125
3511015,CSD,Greater Napanee (T),462.3029,16879,7461,6868,3511,35,,6870,5060,0,280,270,50,1175,1310,1090,1020,0.7365356622998545,0.040756914119359534,0.039301310043668124,0.00727802037845706,0.1710334788937409,0,36.5106946116929
3511030,CSD,Stone Mills (TP),693.7087,7826,3436,3071,3511,35,,3070,2940,0,25,5,15,70,310,1120,830,0.9576547231270358,0.008143322475570033,0.0016286644951140066,0.004885993485342019,0.02280130293159609,0,11.281392319283295
3511035,CSD,Addington Highlands (TP),1293.9905,2534,2052,1122,3511,35,,1120,1045,0,15,15,5,20,210,695,800,0.9330357142857143,0.013392857142857142,0.013392857142857142,0.004464285714285714,0.017857142857142856,0,1.9582833104261583
3512001,CSD,Tyendinaga (TP),312.422,4538,1730,1650,3512,35,35522,1650,1600,0,10,0,0,35,170,1200,890,0.9696969696969697,0.006060606060606061,0,0,0.021212121212121213,0,14.525225496283872
3512002,CSD,Deseronto (T),2.5191,1747,803,723,3512,35,,725,535,0,40,30,35,85,145,1120,840,0.7379310344827587,0.05517241379310345,0.041379310344827586,0.04827586206896552,0.11724137931034483,0,693.5016474137589
3512004,CSD,Tyendinaga Mohawk Territory (IRI),72.0182,2535,1170,1031,3512,35,,1030,920,0,5,35,15,45,0,NA,NA,0.8932038834951457,0.0048543689320388345,0.03398058252427184,0.014563106796116505,0.043689320388349516,0,35.19943569819851
3512005,CSD,Belleville (CY),247.1474,55071,24582,23536,3512,35,35522,23535,13980,2125,705,1800,675,4135,5235,1130,1070,0.5940089228808159,0.02995538559592097,0.07648183556405354,0.028680688336520075,0.17569577225408967,0.09029105587422986,222.82653995146217
3512015,CSD,Quinte West (CY),495.4493,46560,19888,19056,3512,35,35522,19055,14505,510,855,425,315,2025,2820,1060,1000,0.7612175282078195,0.04487011283127788,0.022303857255313565,0.016531094200997114,0.10627131986355287,0.02676462870637628,93.9753068578359
3512020,CSD,Stirling-Rawdon (TP),282.4797,5015,2074,1971,3512,35,35522,1970,1715,0,30,20,35,160,295,1100,940,0.8705583756345178,0.015228426395939087,0.01015228426395939,0.017766497461928935,0.08121827411167512,0,17.75348812675743
3512026,CSD,Centre Hastings (MU),222.791,4801,2180,1939,3512,35,,1940,1625,0,65,45,35,170,355,1100,940,0.8376288659793815,0.03350515463917526,0.023195876288659795,0.01804123711340206,0.08762886597938144,0,21.549344452872873
3512030,CSD,Tweed (MU),918.6062,6067,3042,2591,3512,35,,2590,2295,0,60,25,20,170,415,785,930,0.8861003861003861,0.023166023166023165,0.009652509652509652,0.007722007722007722,0.06563706563706563,0,6.604571142672453
3512036,CSD,Madoc (TP),274.5829,2233,934,868,3512,35,,865,850,0,10,0,5,0,130,860,1210,0.9826589595375722,0.011560693641618497,0,0.005780346820809248,0,0,8.13233453357802
3512046,CSD,Marmora and Lake (MU),538.2434,4267,2578,1887,3512,35,,1885,1640,0,70,15,10,135,360,840,920,0.870026525198939,0.03713527851458886,0.007957559681697613,0.005305039787798408,0.07161803713527852,0,7.927640171714136
3512048,CSD,Tudor and Cashel (TP),433.3073,740,758,352,3512,35,,355,330,0,5,0,5,0,70,596,NA,0.9295774647887324,0.014084507042253521,0,0.014084507042253521,0,0,1.707794906755552
3512051,CSD,Limerick (TP),201.0358,436,533,206,3512,35,,205,205,0,0,0,0,0,25,624,NA,1,0,0,0,0,0,2.1687679507828954
3512054,CSD,Wollaston (TP),215.8709,721,757,352,3512,35,,350,330,0,0,0,5,0,80,820,NA,0.9428571428571428,0,0,0.014285714285714285,0,0,3.3399592071001694
3512058,CSD,Faraday (TP),217.4359,1612,1290,755,3512,35,,755,700,0,5,0,0,5,115,840,900,0.9271523178807947,0.006622516556291391,0,0,0.006622516556291391,0,7.413679157857557
3512061,CSD,Bancroft (T),227.5367,4065,2007,1801,3512,35,,1800,1295,0,20,75,45,340,385,920,860,0.7194444444444444,0.011111111111111112,0.041666666666666664,0.025,0.18888888888888888,0,17.86524986958148
3512065,CSD,Carlow/Mayo (TP),385.3241,953,663,416,3512,35,,415,405,0,0,0,0,5,45,670,775,0.9759036144578314,0,0,0,0.012048192771084338,0,2.4732426546899093
3512076,CSD,Hastings Highlands (MU),966.5818,4385,3529,2007,3512,35,,2005,1950,5,0,0,5,15,295,750,850,0.972568578553616,0,0,0.0024937655860349127,0.007481296758104738,0.0024937655860349127,4.536605179199525
3513020,CSD,Prince Edward County (CY),1052.6069,25704,13557,11332,3513,35,,11335,9750,15,240,330,60,775,1845,880,1080,0.8601676224084693,0.0211733568592854,0.029113365681517425,0.00529333921482135,0.06837229819144243,0.0013233348037053375,24.41937251218855
3514004,CSD,Brighton (MU),223.2437,12108,5392,5014,3514,35,,5015,4415,25,95,105,90,215,735,840,1040,0.8803589232303091,0.018943170488534396,0.020937188434695914,0.01794616151545364,0.04287138584247258,0.004985044865403789,54.23669290555568
3514014,CSD,Cramahe (TP),202.2244,6509,2772,2603,3514,35,,2600,2355,0,40,10,25,155,420,1210,1010,0.9057692307692308,0.015384615384615385,0.0038461538461538464,0.009615384615384616,0.05961538461538462,0,32.18701600795947
3514019,CSD,Hamilton (TP),256.0285,11059,4685,4281,3514,35,,4280,4050,0,25,15,30,35,515,1180,1000,0.9462616822429907,0.005841121495327103,0.0035046728971962616,0.007009345794392523,0.008177570093457943,0,43.19440999732451
3514020,CSD,Port Hope (MU),278.8006,17294,7607,7318,3514,35,35528,7315,5285,445,275,425,95,770,1505,1190,1170,0.722488038277512,0.03759398496240601,0.05809979494190021,0.012987012987012988,0.10526315789473684,0.060833902939166094,62.02999563128631
3514021,CSD,Cobourg (T),22.4082,20519,9520,9134,3514,35,35527,9135,5255,360,405,1120,170,1785,2075,1010,1220,0.5752599890530925,0.04433497536945813,0.12260536398467432,0.018609742747673783,0.19540229885057472,0.03940886699507389,915.6915771904927
3514024,CSD,Alnwick/Haldimand (TP),398.25,7473,3323,2823,3514,35,,2825,2720,0,15,5,10,60,405,1260,1000,0.9628318584070796,0.005309734513274336,0.0017699115044247787,0.0035398230088495575,0.021238938053097345,0,18.764595103578156
3514027,CSD,Alderville First Nation (IRI),12.5932,542,282,252,3514,35,,250,230,0,5,5,0,10,0,NA,NA,0.92,0.02,0.02,0,0.04,0,43.039100466918654
3514045,CSD,Trent Hills (MU),513.8469,13861,7057,5903,3514,35,,5905,5210,5,65,125,95,370,1060,890,1000,0.882303132938188,0.01100762066045724,0.021168501270110076,0.016088060965283656,0.06265876375952582,8.46740050804403e-4,26.97496082977245
3515003,CSD,Asphodel-Norwood (TP),161.6153,4658,1985,1821,3515,35,,1820,1665,0,50,0,5,95,255,1100,1100,0.9148351648351648,0.027472527472527472,0,0.0027472527472527475,0.0521978021978022,0,28.821528654774642
3515005,CSD,Otonabee-South Monaghan (TP),346.1528,7087,3050,2732,3515,35,35529,2735,2445,0,15,35,20,55,380,1150,1100,0.8939670932358318,0.005484460694698354,0.012797074954296161,0.007312614259597806,0.02010968921389397,0,20.473617431377125
3515008,CSD,Hiawatha First Nation (IRI),8.9288,341,210,157,3515,35,35529,155,145,0,0,10,0,0,0,NA,NA,0.9354838709677419,0,0.06451612903225806,0,0,0,38.19102230982887
3515013,CSD,Cavan Monaghan (TP),306.3893,10016,3704,3553,3515,35,35529,3555,3360,5,25,30,15,110,465,1420,1190,0.9451476793248945,0.007032348804500703,0.008438818565400843,0.004219409282700422,0.030942334739803096,0.0014064697609001407,32.69043664383841
3515014,CSD,Peterborough (CY),64.7565,83651,38006,35977,3515,35,35529,35975,20560,2585,775,3010,2605,6400,9235,1160,1110,0.5715079916608756,0.021542738012508687,0.08366921473245309,0.07241139680333565,0.17790132036136205,0.07185545517720639,1291.7776593855442
3515015,CSD,Selwyn (TP),316.117,18653,8540,7483,3515,35,35529,7485,6985,5,40,100,90,220,1060,950,1260,0.9331997327989312,0.005344021376085505,0.013360053440213761,0.012024048096192385,0.029392117568470273,6.680026720106881e-4,59.00663361983063
3515019,CSD,Curve Lake First Nation 35 (IRI),6.6369,1244,650,543,3515,35,35529,545,530,0,0,5,0,0,0,NA,NA,0.9724770642201835,0,0.009174311926605505,0,0,0,187.43690578432702
3515023,CSD,Douro-Dummer (TP),459.4605,7632,3601,2925,3515,35,35529,2925,2870,0,15,0,20,10,345,1130,1130,0.9811965811965812,0.005128205128205128,0,0.006837606837606838,0.003418803418803419,0,16.6107859108672
3515030,CSD,Havelock-Belmont-Methuen (TP),529.3526,5083,3856,2234,3515,35,,2230,2095,0,15,0,35,70,360,860,940,0.9394618834080718,0.006726457399103139,0,0.01569506726457399,0.03139013452914798,0,9.602295332071666
3515037,CSD,North Kawartha (TP),746.3451,2877,3693,1364,3515,35,,1365,1300,0,5,20,0,40,190,735,860,0.9523809523809523,0.003663003663003663,0.014652014652014652,0,0.029304029304029304,0,3.8547851389390777
3515044,CSD,Trent Lakes (MU),833.7181,6439,5750,2952,3515,35,,2950,2910,0,5,5,15,10,430,990,910,0.9864406779661017,0.001694915254237288,0.001694915254237288,0.005084745762711864,0.003389830508474576,0,7.723234028384414
3516010,CSD,Kawartha Lakes (CY),3033.6565,79247,38947,32708,3516,35,35530,32705,27400,730,555,655,840,2220,6085,1080,1100,0.8377923864852469,0.01696988228099679,0.020027518728023237,0.025684146155022167,0.06787952912398716,0.022320746063293075,26.12260155360371
3518001,CSD,Pickering (CY),231.1049,99186,34327,33425,3518,35,35535,33425,19915,3060,2510,4980,1825,1105,8030,1980,1720,0.5958115183246073,0.07509349289454001,0.14899027673896784,0.054599850411368736,0.03305908750934929,0.09154824233358265,429.1817265665938
3518005,CSD,Ajax (T),66.6437,126666,40275,39488,3518,35,35535,39485,25560,2635,2265,6020,1385,1610,9725,2140,1600,0.647334430796505,0.05736355578067621,0.1524629606179562,0.035076611371406864,0.04077497783968596,0.06673420286184627,1900.6447721239967
3518009,CSD,Whitby (T),146.6948,138501,47389,46460,3518,35,35532,46460,32295,3300,1385,6135,870,2435,9885,2020,1430,0.6951140766250538,0.029810589754627637,0.13204907447266465,0.018725785622040466,0.05241067585019372,0.07102884201463625,944.143896034488
3518013,CSD,Oshawa (CY),145.7163,175383,69324,66634,3518,35,35532,66630,37000,7590,5330,6445,3650,6475,18330,1640,1300,0.555305417979889,0.079993996698184,0.09672820051028065,0.054780129070989045,0.09717844814648056,0.11391265195857722,1203.5921856374339
3518017,CSD,Clarington (MU),610.8417,101427,36852,35953,3518,35,35532,35955,27945,525,1075,3125,910,2290,6645,1780,1590,0.7772215269086358,0.02989848421638159,0.08691419830343484,0.025309414545960227,0.06369072451675706,0.014601585314977055,166.04465608683887
3518020,CSD,Scugog (TP),474.3769,21581,8734,8243,3518,35,,8245,7360,50,155,80,135,445,1335,1380,1280,0.8926622195269861,0.01879927228623408,0.009702850212249849,0.01637355973317162,0.053972104305639784,0.006064281382656155,45.493361923820494
3518022,CSD,Mississaugas of Scugog Island (IRI),2.5714,125,51,49,3518,35,,50,45,0,0,5,0,0,NA,NA,NA,0.9,0,0.1,0,0,0,48.61165124056934
3518029,CSD,Uxbridge (TP),420.5191,21556,8310,8008,3518,35,35535,8010,6520,135,125,390,145,675,1570,1700,1290,0.8139825218476904,0.015605493133583021,0.04868913857677903,0.018102372034956304,0.08426966292134831,0.016853932584269662,51.26045404358565
3518039,CSD,Brock (TP),422.6386,12567,5297,4788,3518,35,,4785,4145,0,75,115,30,405,945,1410,1020,0.8662486938349008,0.01567398119122257,0.024033437826541274,0.006269592476489028,0.08463949843260188,0,29.734624333887155
3519028,CSD,Vaughan (CY),272.4441,323103,107159,103914,3519,35,35535,103915,64995,13750,7960,11410,3485,2265,28885,1980,2040,0.625463118895251,0.07660106818072462,0.1098012798922196,0.03353702545349565,0.021796660732329307,0.13231968435740749,1185.9423639564961
3519036,CSD,Markham (CY),210.9319,338503,114908,110867,3519,35,35535,110865,62270,17635,6985,15985,6075,1905,36120,1840,1940,0.5616741081495512,0.0630045550895233,0.14418436837595275,0.054796373968339876,0.0171830604789609,0.15906733414513147,1604.7975673665292
3519038,CSD,Richmond Hill (T),100.7897,202022,72017,69314,3519,35,35535,69315,39295,12960,2665,10505,2135,1695,25570,2020,1860,0.5669047103801486,0.03844766645026329,0.15155449758349562,0.030801413835389164,0.024453581475871025,0.18697251677126164,2004.3913217322802
3519044,CSD,Whitchurch-Stouffville (T),206.4178,49864,17154,16707,3519,35,35535,16705,12420,250,825,1805,445,940,4280,2100,1660,0.7434899730619575,0.04938641125411553,0.10805148159233763,0.02663873091888656,0.05627057767135588,0.014965579167913799,241.56831436048634
3519046,CSD,Aurora (T),50.0009,62057,22253,21506,3519,35,35535,21505,12980,1205,1490,3610,670,1535,6295,2100,1800,0.6035805626598465,0.0692862125087189,0.16786793768890956,0.031155545222041385,0.07137874912810974,0.056033480585910254,1241.117659882122
3519048,CSD,Newmarket (T),38.501,87942,31239,30301,3519,35,35535,30300,18115,1510,2250,3880,1995,2360,8000,2020,1510,0.5978547854785479,0.07425742574257425,0.12805280528052806,0.06584158415841584,0.07788778877887789,0.04983498349834983,2284.1484636762684
3519049,CSD,King (TP),332.1164,27333,9346,8969,3519,35,35535,8970,7820,270,145,370,100,255,2340,2180,1550,0.8717948717948718,0.016164994425863992,0.04124860646599777,0.011148272017837236,0.028428093645484948,0.030100334448160536,82.29945886442223
3519054,CSD,East Gwillimbury (T),244.9061,34637,11869,11449,3519,35,35535,11445,9295,5,400,1110,340,285,3055,2140,2160,0.8121450415028396,0.03494975972040192,0.09698558322411534,0.029707295762341632,0.02490170380078637,4.3687199650502403e-4,141.42971530721366
3519070,CSD,Georgina (T),287.69,47642,19368,17895,3519,35,35535,17895,14845,100,455,785,570,985,4185,1660,1430,0.8295613299804414,0.025426096675048897,0.04386700195585359,0.03185247275775356,0.05504330818664432,0.005588153115395362,165.60186311654905
3519076,CSD,Chippewas of Georgina Island First Nation (IRI),14.4724,231,550,112,3519,35,35535,115,100,0,0,5,0,0,NA,NA,NA,0.8695652173913043,0,0.043478260869565216,0,0,0,15.961416212929437
3520005,CSD,Toronto (C),631.0983,2794356,1253238,1160892,3520,35,35535,1160890,270490,542625,71955,62915,47810,162245,373965,1740,1500,0.23300226550319153,0.06198261678539741,0.05419548794459424,0.04118391923438052,0.13975915030709196,0.4674215472611531,4427.766641108049
3521005,CSD,Mississauga (CY),292.7442,717961,254089,244575,3521,35,35535,244575,90660,66830,26855,34455,7895,17545,68155,1800,1600,0.3706838393130941,0.10980271900235102,0.14087703158540324,0.03228048655831545,0.07173668608811203,0.2732495144638659,2452.519981608517
3521010,CSD,Brampton (CY),265.8874,656480,189086,182472,3521,35,35535,182475,96020,18585,24750,23055,11960,8045,56355,2300,1520,0.5262090697355802,0.13563501849568435,0.12634607480476778,0.06554322509932868,0.04408823126455679,0.10184956843403206,2469.01507931553
3521024,CSD,Caledon (T),688.8179,76581,24795,23699,3521,35,35535,23700,19120,255,1650,1825,335,480,5155,2040,1740,0.8067510548523207,0.06962025316455696,0.0770042194092827,0.014135021097046414,0.020253164556962026,0.010759493670886076,111.17742439620109
3522001,CSD,East Garafraxa (TP),166.5014,2794,944,903,3522,35,,905,895,0,0,0,5,0,130,1900,1140,0.988950276243094,0,0,0.0055248618784530384,0,0,16.78063968230898
3522008,CSD,Amaranth (TP),265.015,4327,1428,1372,3522,35,,1370,1340,0,5,0,20,0,280,2020,1700,0.9781021897810219,0.0036496350364963502,0,0.014598540145985401,0,0,16.327377695602138
3522010,CSD,Grand Valley (T),158.5956,3851,1445,1397,3522,35,,1395,1230,0,5,35,5,110,310,1920,1110,0.8817204301075269,0.0035842293906810036,0.025089605734767026,0.0035842293906810036,0.07885304659498207,0,24.281884238907008
3522012,CSD,Mono (T),278.3715,9421,3327,3131,3522,35,35535,3130,3065,0,5,0,45,15,540,1680,1060,0.9792332268370607,0.001597444089456869,0,0.01437699680511182,0.004792332268370607,0,33.84326340879005
3522014,CSD,Orangeville (T),15.1629,30167,11308,11059,3522,35,35535,11060,6600,565,1265,1245,140,1230,2675,1900,1360,0.596745027124774,0.11437613019891502,0.11256781193490054,0.012658227848101266,0.1112115732368897,0.05108499095840868,1989.5270693600828
3522016,CSD,Mulmur (TP),286.1696,3571,1682,1388,3522,35,,1385,1365,0,5,0,5,10,295,1660,1310,0.9855595667870036,0.0036101083032490976,0,0.0036101083032490976,0.007220216606498195,0,12.478614080601155
3522019,CSD,Melancthon (TP),310.3935,3132,1104,1035,3522,35,,1035,1000,0,15,5,10,0,220,1720,1320,0.966183574879227,0.014492753623188406,0.004830917874396135,0.00966183574879227,0,0,10.090417486190915
3522021,CSD,Shelburne (T),6.5613,8994,3150,3025,3522,35,,3025,2205,0,155,225,75,355,720,1940,1100,0.7289256198347107,0.0512396694214876,0.0743801652892562,0.024793388429752067,0.11735537190082644,0,1370.7649398747199
3523001,CSD,Puslinch (TP),214.8178,7944,2946,2857,3523,35,35550,2855,2680,0,10,10,20,90,445,1500,1170,0.9387040280210157,0.0035026269702276708,0.0035026269702276708,0.0070052539404553416,0.03152364273204904,0,36.98017575824722
3523008,CSD,Guelph (CY),87.4266,143740,59746,56480,3523,35,35550,56480,27445,6510,2530,8610,3620,7715,12905,1600,1350,0.4859242209631728,0.044794617563739376,0.15244334277620397,0.06409348441926345,0.1365970254957507,0.11526203966005666,1644.122040660394
3523009,CSD,Guelph/Eramosa (TP),292.8398,13904,4993,4838,3523,35,35550,4840,4200,0,55,315,75,150,710,1620,1210,0.8677685950413223,0.011363636363636364,0.06508264462809918,0.015495867768595042,0.030991735537190084,0,47.47988490635494
3523017,CSD,Erin (T),298.8125,11981,4396,4220,3523,35,,4220,3860,5,30,5,45,120,720,1880,1200,0.9146919431279621,0.0071090047393364926,0.001184834123222749,0.01066350710900474,0.02843601895734597,0.001184834123222749,40.09537753608032
3523025,CSD,Centre Wellington (TP),409.4126,31093,12701,11972,3523,35,35531,11970,8690,110,570,740,180,1570,1975,1440,1300,0.7259816207184628,0.047619047619047616,0.061821219715956555,0.015037593984962405,0.1311612364243943,0.0091896407685881365,75.94539103095508
3523033,CSD,Mapleton (TP),535.5585,10839,3633,3245,3523,35,,3245,2845,0,160,35,15,135,355,1470,1070,0.8767334360554699,0.04930662557781202,0.01078582434514638,0.004622496147919877,0.04160246533127889,0,20.238685409717146
3523043,CSD,Minto (T),300.1856,9094,3885,3417,3523,35,,3415,2680,5,120,110,35,380,470,1170,990,0.7847730600292826,0.03513909224011713,0.032210834553440704,0.010248901903367497,0.11127379209370425,0.0014641288433382138,30.294591079652054
3523050,CSD,Wellington North (TP),526.3075,12431,4987,4793,3523,35,,4795,3590,5,155,225,35,740,850,1140,1030,0.748696558915537,0.03232533889468196,0.04692387904066736,0.0072992700729927005,0.1543274244004171,0.0010427528675703858,23.619272003534057
3524001,CSD,Oakville (T),138.9434,213759,76179,73558,3524,35,35535,73555,43130,8955,3310,12470,950,4680,19295,2080,2040,0.5863639453470192,0.04500033988172116,0.16953300251512474,0.012915505404119367,0.06362585820134593,0.12174563251988309,1538.460984832673
3524002,CSD,Burlington (CY),186.1219,186948,74891,73180,3524,35,35537,73180,36795,12830,3090,13725,705,5910,16875,1720,1660,0.5028013118338344,0.042224651544137744,0.1875512435091555,0.00963377972123531,0.08075977042907899,0.17532112599070784,1004.4384889687886
3524009,CSD,Milton (T),363.8308,132979,41000,40038,3524,35,35535,40040,22720,2185,3755,9140,295,1920,10075,2320,2200,0.5674325674325674,0.09378121878121878,0.22827172827172826,0.007367632367632368,0.04795204795204795,0.05457042957042957,365.4968188509604
3524015,CSD,Halton Hills (T),276.8103,62951,22252,21825,3524,35,35535,21825,15940,885,905,2005,540,1530,4030,1880,1320,0.7303550973654066,0.04146620847651775,0.09186712485681559,0.024742268041237112,0.07010309278350516,0.04054982817869416,227.41567058740227
3525005,CSD,Hamilton (C),1118.3101,569353,233564,222807,3525,35,35537,222810,125130,36465,6770,27455,7380,19045,51305,1440,1120,0.5615995691396257,0.03038463264664961,0.12322157892374669,0.03312239127507742,0.08547641488263542,0.16365962030429515,509.11907171365084
3526003,CSD,Fort Erie (T),166.2419,32901,15875,14081,3526,35,35539,14080,11620,310,295,340,470,995,2695,1080,980,0.8252840909090909,0.020951704545454544,0.024147727272727272,0.033380681818181816,0.07066761363636363,0.022017045454545456,197.91039443124748
3526011,CSD,Port Colborne (CY),121.9886,20033,10219,8710,3526,35,35539,8710,6145,190,150,175,510,1090,1765,1060,930,0.7055109070034443,0.01722158438576349,0.020091848450057407,0.05855338691159587,0.1251435132032147,0.021814006888633754,164.22026320492242
3526014,CSD,Wainfleet (TP),217.5264,6887,3116,2615,3526,35,35539,2615,2505,0,20,0,15,25,325,1170,1000,0.9579349904397706,0.0076481835564053535,0,0.0057361376673040155,0.009560229445506692,0,31.66052488341645
3526021,CSD,West Lincoln (TP),387.0155,15454,5422,5295,3526,35,,5295,4430,0,275,415,35,140,725,1550,1070,0.8366383380547686,0.05193578847969783,0.07837582625118036,0.0066100094428706326,0.02644003777148253,0,39.9312172251499
3526028,CSD,Pelham (T),126.345,18192,7123,6959,3526,35,35539,6960,5760,125,95,470,65,425,1025,1190,1010,0.8275862068965517,0.013649425287356323,0.06752873563218391,0.009339080459770116,0.0610632183908046,0.017959770114942528,143.98670307491392
3526032,CSD,Welland (CY),81.1574,55750,24530,23656,3526,35,35539,23660,15265,1480,1680,1060,1095,2955,5150,1100,1020,0.6451817413355875,0.07100591715976332,0.044801352493660185,0.04628064243448859,0.12489433643279797,0.06255283178360102,686.9367426753445
3526037,CSD,Thorold (CY),83.2949,23816,9856,9095,3526,35,35539,9095,6285,165,810,445,340,1035,2040,1310,1130,0.6910390324354041,0.08905992303463442,0.04892798240791644,0.037383177570093455,0.11379879054425508,0.018141836173721827,285.92386808796215
3526043,CSD,Niagara Falls (CY),210.2536,94415,39778,37793,3526,35,35539,37795,24990,1595,2075,2820,1260,4980,8745,1150,1110,0.6611985712395819,0.05490144198968117,0.07461304405344622,0.033337743087710016,0.13176346077523482,0.042201349384839264,449.0529531955695
3526047,CSD,Niagara-on-the-Lake (T),131.3489,19088,8578,7857,3526,35,35539,7860,6225,0,445,715,30,415,1500,960,1430,0.7919847328244275,0.056615776081424936,0.09096692111959287,0.003816793893129771,0.052798982188295165,0,145.32287670471547
3526053,CSD,St. Catharines (CY),96.1956,136803,61977,58903,3526,35,35539,58900,32725,6500,3425,5010,2500,8465,13970,1140,1100,0.5556027164685908,0.058149405772495756,0.08505942275042445,0.042444821731748725,0.1437181663837012,0.11035653650254669,1422.1336526826592
3526057,CSD,Lincoln (T),162.7382,25719,9826,9555,3526,35,35539,9555,6670,65,680,1360,125,600,1405,1350,1180,0.6980638409209837,0.07116692830978545,0.1423338566195709,0.013082155939298797,0.06279434850863422,0.006802721088435374,158.03910821183962
3526065,CSD,Grimsby (T),68.71,28883,11626,11395,3526,35,35537,11395,7340,345,255,2605,215,600,2180,1540,1620,0.6441421676173761,0.022378236068451074,0.22860903905221588,0.018867924528301886,0.05265467310223782,0.030276437033786747,420.360937272595
3528018,CSD,Haldimand County (CY),1250.4518,49216,20710,18719,3528,35,,18715,15785,50,565,665,365,1210,3050,1320,1000,0.8434410900347314,0.03018968741651082,0.03553299492385787,0.019503072401816725,0.06465402083889928,0.0026716537536735237,39.3585742369278
3528035,CSD,New Credit (Part) 40A (IRI),5.08,166,58,52,3528,35,,55,50,0,0,0,0,0,NA,NA,NA,0.9090909090909091,0,0,0,0,0,32.67716535433071
3528037,CSD,Six Nations (Part) 40 (IRI),30.5884,0,0,0,3528,35,,NA,NA,NA,NA,NA,NA,NA,NA,NA,NA,NA,NA,NA,NA,NA,NA,0
3528052,CSD,Norfolk County (CY),1597.6839,67490,30085,27594,3528,35,35547,27595,22815,390,770,940,565,1890,4180,940,930,0.8267802138068491,0.027903605725674942,0.03406414205472006,0.02047472368182642,0.06849066859938395,0.014132995107809385,42.24239851199602
3529005,CSD,Brant (CY),817.6558,39474,14778,14330,3529,35,35543,14330,11595,75,960,775,190,650,2025,1360,1130,0.8091416608513607,0.06699232379623168,0.05408234473133287,0.013258897418004187,0.045359385903698535,0.0052337752965806,48.277037844041466
3529006,CSD,Brantford (CY),98.6476,104688,43269,41673,3529,35,35543,41675,25235,4480,1950,3965,1585,4370,9320,1330,1130,0.6055188962207558,0.046790641871625675,0.09514097180563887,0.03803239352129574,0.10485902819436113,0.10749850029994001,1061.232102960437
3529020,CSD,Six Nations (Part) 40 (IRI),157.6959,0,0,0,3529,35,35543,NA,NA,NA,NA,NA,NA,NA,NA,NA,NA,NA,NA,NA,NA,NA,NA,0
3529021,CSD,New Credit (Part) 40A (IRI),20.1015,609,203,199,3529,35,,195,165,0,0,20,5,0,0,NA,NA,0.8461538461538461,0,0.10256410256410256,0.02564102564102564,0,0,30.296246548765016
3530004,CSD,North Dumfries (TP),188.0908,10619,3768,3689,3530,35,35541,3690,3045,0,190,200,55,185,460,1640,1240,0.8252032520325203,0.051490514905149054,0.05420054200542006,0.014905149051490514,0.05013550135501355,0,56.45677513201071
3530010,CSD,Cambridge (CY),112.994,138479,53013,51269,3530,35,35541,51270,29110,3020,3730,6325,1735,7160,10845,1620,1220,0.5677784279305637,0.07275209674273454,0.12336649112541448,0.03384045250633899,0.1396528184123269,0.058903842402964694,1225.5429491831426
3530013,CSD,Kitchener (CY),136.8149,256885,103388,99812,3530,35,35541,99810,47405,15330,5420,12900,3185,15470,23190,1550,1300,0.47495240957819856,0.05430317603446549,0.12924556657649533,0.031910630197375014,0.1549944895301072,0.15359182446648634,1877.6098217372523
3530016,CSD,Waterloo (CY),64.056,121436,52049,47040,3530,35,35541,47040,23145,10330,2125,5375,1015,4945,11210,1390,1400,0.4920280612244898,0.045174319727891155,0.11426445578231292,0.021577380952380952,0.10512329931972789,0.21960034013605442,1895.7786936430623
3530020,CSD,Wilmot (TP),263.8128,21429,8035,7891,3530,35,35541,7890,6245,5,680,260,130,555,905,1320,1100,0.7915082382762991,0.08618504435994931,0.032953105196451206,0.016476552598225603,0.07034220532319392,6.337135614702154e-4,81.22805261912994
3530027,CSD,Wellesley (TP),277.7402,11318,3444,3366,3530,35,,3365,2845,0,330,40,30,115,330,1240,960,0.8454680534918276,0.09806835066864784,0.01188707280832095,0.008915304606240713,0.03417533432392273,0,40.75031270230237
3530035,CSD,Woolwich (TP),326.5574,26999,9556,9359,3530,35,35541,9360,7095,5,765,535,130,725,1245,1500,1180,0.7580128205128205,0.08173076923076923,0.057158119658119656,0.013888888888888888,0.07745726495726496,5.341880341880342e-4,82.67765483189173
3531011,CSD,Stratford (CY),30.021,33232,15388,14743,3531,35,35553,14740,7800,815,1530,935,670,2950,2920,1160,1080,0.5291723202170964,0.10379918588873813,0.06343283582089553,0.045454545454545456,0.20013568521031208,0.05529172320217096,1106.9584624096465
3531013,CSD,Perth South (TP),391.876,3776,1454,1396,3531,35,,1395,1350,0,10,5,5,25,160,1080,1120,0.967741935483871,0.007168458781362007,0.0035842293906810036,0.0035842293906810036,0.017921146953405017,0,9.635701089120028
3531016,CSD,St. Marys (T),12.4384,7386,3216,3128,3531,35,,3125,2180,35,300,190,50,365,375,1050,970,0.6976,0.096,0.0608,0.016,0.1168,0.0112,593.8062773347054
3531025,CSD,West Perth (MU),578.8821,9038,3567,3434,3531,35,,3435,3010,5,75,70,20,235,390,1060,1000,0.87627365356623,0.021834061135371178,0.020378457059679767,0.005822416302765648,0.06841339155749636,0.001455604075691412,15.612851045143733
3531030,CSD,Perth East (TP),711.9316,12595,4266,4112,3531,35,,4115,3625,0,115,65,30,160,485,1070,1050,0.8809234507897934,0.027946537059538274,0.015795868772782502,0.007290400972053463,0.038882138517618466,0,17.691306299650133
3531040,CSD,North Perth (MU),493.0943,15538,6171,5959,3531,35,,5960,4185,0,260,320,100,950,1030,1140,1080,0.7021812080536913,0.0436241610738255,0.053691275167785234,0.016778523489932886,0.1593959731543624,0,31.511213980774066
3532002,CSD,Norwich (TP),424.0077,11151,3892,3761,3532,35,,3760,3455,0,55,65,35,120,435,1300,1080,0.9188829787234043,0.014627659574468085,0.017287234042553192,0.009308510638297872,0.031914893617021274,0,26.29905070120189
3532004,CSD,Tillsonburg (T),22.1989,18615,8494,8229,3532,35,35546,8230,5575,500,285,500,205,1140,1450,900,1000,0.6773997569866342,0.03462940461725395,0.060753341433778855,0.02490886998784933,0.1385176184690158,0.060753341433778855,838.5550635391844
3532012,CSD,South-West Oxford (TP),369.6061,7583,2708,2616,3532,35,,2620,2480,0,25,20,25,20,310,1180,1040,0.9465648854961832,0.009541984732824428,0.007633587786259542,0.009541984732824428,0.007633587786259542,0,20.516436281760498
3532018,CSD,Ingersoll (T),12.7336,13693,5627,5467,3532,35,35533,5465,3890,70,405,385,85,625,885,1390,1040,0.7118023787740164,0.07410795974382434,0.07044830741079597,0.01555352241537054,0.11436413540713632,0.012808783165599268,1075.3439718539926
3532027,CSD,Zorra (TP),529.1875,8628,3284,3162,3532,35,,3165,2955,0,15,10,10,95,285,1210,940,0.933649289099526,0.004739336492890996,0.00315955766192733,0.00315955766192733,0.030015797788309637,0,16.304239990551554
3532038,CSD,East Zorra-Tavistock (TP),241.9577,7841,3055,2976,3532,35,,2975,2445,20,95,0,35,315,360,1370,920,0.8218487394957983,0.031932773109243695,0,0.011764705882352941,0.10588235294117647,0.0067226890756302525,32.40649088663019
3532042,CSD,Woodstock (CY),56.4608,46705,19528,18886,3532,35,35544,18890,10855,1680,1455,2205,385,2285,4070,1320,1190,0.5746426680783483,0.07702488088935945,0.11672842773954473,0.02038115404976178,0.12096347273689782,0.08893594494441504,827.2110915892088
3532045,CSD,Blandford-Blenheim (TP),382.0288,7565,2857,2779,3532,35,,2775,2505,0,70,10,20,120,300,1450,840,0.9027027027027027,0.025225225225225224,0.0036036036036036037,0.007207207207207207,0.043243243243243246,0,19.802171982845273
3534005,CSD,Bayham (MU),244.6009,7096,2435,2264,3534,35,,2265,2005,0,40,15,20,45,380,1140,750,0.8852097130242825,0.017660044150110375,0.006622516556291391,0.008830022075055188,0.019867549668874173,0,29.010522855803067
3534010,CSD,Malahide (TP),394.2655,9308,3178,3013,3534,35,,3010,2835,5,20,5,10,30,365,1240,1060,0.9418604651162791,0.006644518272425249,0.0016611295681063123,0.0033222591362126247,0.009966777408637873,0.0016611295681063123,23.608456737908845
3534011,CSD,Aylmer (T),6.37,7699,3177,3067,3534,35,,3065,2025,45,150,210,85,520,595,1140,930,0.6606851549755302,0.048939641109298535,0.06851549755301795,0.02773246329526917,0.16965742251223492,0.01468189233278956,1208.6342229199372
3534020,CSD,Central Elgin (MU),279.8739,13746,5845,5460,3534,35,35555,5460,5055,0,50,125,45,170,690,1220,1060,0.9258241758241759,0.009157509157509158,0.022893772893772892,0.008241758241758242,0.031135531135531136,0,49.114976423310644
3534021,CSD,St. Thomas (CY),35.6062,42840,18596,18062,3534,35,35555,18065,11705,775,1330,730,595,2905,3435,1200,940,0.6479380016606698,0.07362302795460836,0.04040963188486023,0.0329366177691669,0.16080819263769722,0.042900636590091336,1203.1612471985216
3534024,CSD,Southwold (TP),301.3777,4851,1760,1713,3534,35,35555,1715,1685,0,5,0,10,15,100,1310,810,0.9825072886297376,0.0029154518950437317,0,0.0058309037900874635,0.008746355685131196,0,16.096081428718847
3534030,CSD,Dutton/Dunwich (MU),294.3827,4152,1677,1596,3534,35,,1595,1440,0,15,10,65,50,170,1320,785,0.9028213166144201,0.009404388714733543,0.006269592476489028,0.04075235109717868,0.03134796238244514,0,14.104089676465364
3534042,CSD,West Elgin (MU),322.0882,5060,2221,2103,3534,35,,2100,1915,0,20,5,25,135,250,960,700,0.9119047619047619,0.009523809523809525,0.002380952380952381,0.011904761904761904,0.06428571428571428,0,15.709982545153782
3536020,CSD,Chatham-Kent (MU),2451.9038,103988,46752,44028,3536,35,35556,44030,33455,1540,1445,1535,730,5075,6710,860,870,0.7598228480581422,0.032818532818532815,0.0348625936861231,0.01657960481489893,0.11526232114467408,0.034976152623211444,42.411125591468966
3536029,CSD,Moravian 47 (IRI),12.6213,328,169,150,3536,35,35556,150,125,0,0,5,10,10,0,NA,NA,0.8333333333333334,0,0.03333333333333333,0.06666666666666667,0.06666666666666667,0,25.987814250513022
3537001,CSD,Pelee (TP),41.0306,230,374,122,3537,35,,120,125,0,0,0,0,0,NA,670,NA,1.0416666666666667,0,0,0,0,0,5.605572426432955
3537003,CSD,Leamington (MU),261.2438,29680,11219,10547,3537,35,35559,10545,6810,735,875,795,285,1015,1940,1040,1060,0.6458036984352774,0.08297771455666192,0.07539118065433854,0.02702702702702703,0.09625414888572784,0.06970128022759602,113.6103517097822
3537013,CSD,Kingsville (T),246.0773,22119,8635,8285,3537,35,35559,8285,6880,0,325,525,75,430,920,990,980,0.8304164152082076,0.03922751961375981,0.06336753168376584,0.009052504526252263,0.05190102595051298,0,89.88638935814072
3537016,CSD,Essex (T),277.5327,21216,8880,8391,3537,35,35559,8390,7095,60,55,295,75,380,995,1020,960,0.8456495828367103,0.006555423122765197,0.035160905840286055,0.008939213349225268,0.04529201430274136,0.007151370679380214,76.44504593512765
3537028,CSD,Amherstburg (T),183.7604,23524,9548,9193,3537,35,35559,9190,7630,335,280,365,90,470,1200,1220,1030,0.8302502720348205,0.030467899891186073,0.0397170837867247,0.009793253536452665,0.051142546245919476,0.03645266594124048,128.01452325963592
3537034,CSD,LaSalle (T),64.9553,32721,11922,11644,3537,35,35559,11645,9825,210,875,190,50,485,1260,1190,1390,0.8437097466723916,0.07513954486904251,0.016316015457277802,0.004293688278231,0.04164877629884071,0.018033490768570203,503.7464225398082
3537039,CSD,Windsor (CY),146.0197,229660,99803,94273,3537,35,35559,94275,56625,12250,4370,6205,3960,10750,19835,1020,950,0.6006364359586317,0.046353752320339434,0.06581808538849111,0.04200477326968974,0.11402810925483957,0.12993900822063112,1572.8014781567144
3537048,CSD,Tecumseh (T),94.5916,23300,9111,8946,3537,35,35559,8950,7255,510,490,475,75,140,1000,1110,1130,0.8106145251396648,0.054748603351955305,0.05307262569832402,0.008379888268156424,0.01564245810055866,0.05698324022346369,246.3220835676741
3537064,CSD,Lakeshore (T),528.9961,40410,14954,14386,3537,35,35559,14385,13230,0,220,370,55,235,1585,1320,1000,0.9197080291970803,0.015293708724365659,0.025721237400069517,0.0038234271810914148,0.016336461591936045,0,76.38997716618327
3538003,CSD,St. Clair (TP),618.5651,14659,6528,6021,3538,35,35562,6020,5370,45,20,325,15,245,570,900,970,0.8920265780730897,0.0033222591362126247,0.05398671096345515,0.0024916943521594683,0.040697674418604654,0.007475083056478406,23.698394881961494
3538004,CSD,Walpole Island 46 (IRI),137.4297,0,0,0,3538,35,,NA,NA,NA,NA,NA,NA,NA,NA,NA,NA,NA,NA,NA,NA,NA,NA,0
3538007,CSD,Dawn-Euphemia (TP),445.1361,1968,824,766,3538,35,,765,745,0,0,10,0,5,70,920,710,0.9738562091503268,0,0.013071895424836602,0,0.006535947712418301,0,4.421119742928062
3538015,CSD,Brooke-Alvinston (MU),311.4146,2359,983,918,3538,35,,920,850,0,5,15,5,50,85,810,850,0.9239130434782609,0.005434782608695652,0.016304347826086956,0.005434782608695652,0.05434782608695652,0,7.575110479727026
3538016,CSD,Enniskillen (TP),338.0538,2825,1087,1041,3538,35,,1040,985,0,0,0,5,45,85,970,775,0.9471153846153846,0,0,0.004807692307692308,0.04326923076923077,0,8.356658023072066
3538018,CSD,Oil Springs (VL),8.1432,647,283,267,3538,35,,265,260,0,0,0,5,10,0,720,NA,0.9811320754716981,0,0,0.018867924528301886,0.03773584905660377,0,79.45279497003635
3538019,CSD,Petrolia (T),12.4587,6013,2524,2460,3538,35,,2460,2025,0,65,65,45,210,285,1070,850,0.823170731707317,0.026422764227642278,0.026422764227642278,0.018292682926829267,0.08536585365853659,0,482.6346248003403
3538025,CSD,Sarnia 45 (IRI),12.5788,648,278,262,3538,35,35562,265,190,0,30,20,0,15,0,NA,NA,0.71698113207547165,0.11320754716981132,0.07547169811320754,0,0.05660377358490566,0,51.51524787738099
3538030,CSD,Sarnia (CY),163.8953,72047,33902,32188,3538,35,35562,32190,21685,3945,1315,1765,765,2615,5750,930,990,0.6736564150357254,0.040851196023609815,0.054830692761727244,0.023765144454799627,0.08123640882261572,0.12255358807082944,439.5916173313085
3538031,CSD,Point Edward (VL),3.2994,1930,989,938,3538,35,35562,940,720,0,0,10,10,190,100,780,1310,0.7659574468085106,0,0.010638297872340425,0.010638297872340425,0.20212765957446807,0,584.9548402739892
3538035,CSD,Plympton-Wyoming (T),318.8578,8308,3513,3172,3538,35,35562,3175,2965,0,10,50,10,130,275,1060,950,0.9338582677165355,0.0031496062992125984,0.015748031496062992,0.0031496062992125984,0.04094488188976378,0,26.05550185694062
3538040,CSD,Lambton Shores (MU),330.5658,11876,7211,5303,3538,35,,5305,4440,10,65,170,45,455,720,795,880,0.8369462770970783,0.012252591894439209,0.03204524033930255,0.008482563619227144,0.08576814326107446,0.001885014137606032,35.92628154515682
3538043,CSD,Warwick (TP),290.2073,3641,1425,1357,3538,35,,1360,1210,0,15,40,15,70,170,920,870,0.8897058823529411,0.011029411764705883,0.029411764705882353,0.011029411764705883,0.051470588235294115,0,12.546204041042387
3538056,CSD,Kettle Point 44 (IRI),9.322,1233,775,512,3538,35,,510,455,0,5,50,5,0,0,NA,NA,0.8921568627450981,0.00980392156862745,0.09803921568627451,0.00980392156862745,0,0,132.26775370092255
3539002,CSD,Newbury (VL),1.7701,440,195,187,3539,35,,190,165,0,10,0,5,15,20,1040,760,0.868421052631579,0.05263157894736842,0,0.02631578947368421,0.07894736842105263,0,248.57352691938308
3539005,CSD,Southwest Middlesex (MU),427.8151,5893,2503,2407,3539,35,,2405,2090,0,55,45,25,190,290,960,710,0.8690228690228691,0.02286902286902287,0.018711018711018712,0.010395010395010396,0.079002079002079,0,13.774642363020847
3539015,CSD,Strathroy-Caradoc (MU),270.8591,23871,9695,9453,3539,35,35555,9455,6865,0,650,370,90,1265,1295,1150,1030,0.7260708619777896,0.06874669487043893,0.03913273400317292,0.009518773135906928,0.1337916446324696,0,88.13069230459674
3539017,CSD,Chippewas of the Thames First Nation 42 (IRI),42.4948,0,0,0,3539,35,,NA,NA,NA,NA,NA,NA,NA,NA,NA,NA,NA,NA,NA,NA,NA,NA,0
3539018,CSD,Munsee-Delaware Nation 1 (IRI),11.1904,129,64,53,3539,35,,55,50,0,0,0,0,0,NA,NA,NA,0.9090909090909091,0,0,0,0,0,11.52773806119531
3539021,CSD,Oneida 41 (IRI),22.1427,0,0,0,3539,35,,NA,NA,NA,NA,NA,NA,NA,NA,NA,NA,NA,NA,NA,NA,NA,NA,0
3539027,CSD,Thames Centre (MU),433.9936,13980,5316,5186,3539,35,35555,5185,4615,15,120,115,20,195,550,1280,1000,0.8900675024108003,0.023143683702989394,0.022179363548698167,0.003857280617164899,0.037608486017357765,0.0028929604628736743,32.21245658922159
3539033,CSD,Middlesex Centre (MU),588.158,18928,6845,6695,3539,35,35555,6695,6065,0,95,215,25,155,785,1440,1050,0.905899925317401,0.014189693801344288,0.03211351755041075,0.0037341299477221808,0.02315160567587752,0,32.18182869229017
3539036,CSD,London (CY),420.4995,422324,186409,174657,3539,35,35555,174655,85275,37550,5940,23305,4470,17800,42015,1250,1130,0.4882482608571183,0.03400990524176233,0.1334344851278234,0.02559331253041711,0.10191520425982652,0.21499527640204977,1004.3388874421967
3539041,CSD,North Middlesex (MU),598.6485,6307,2481,2391,3539,35,,2390,2170,0,15,0,10,180,255,1180,665,0.9079497907949791,0.006276150627615063,0,0.0041841004184100415,0.07531380753138076,0,10.535397649873005
3539047,CSD,Adelaide-Metcalfe (TP),331.1133,3011,1056,1013,3539,35,35555,1010,995,0,10,0,0,10,110,1230,970,0.9851485148514851,0.009900990099009901,0,0,0.009900990099009901,0,9.093564045902113
3539060,CSD,Lucan Biddulph (TP),169.0773,5680,2172,2115,3539,35,,2115,1850,0,60,35,35,135,230,1490,880,0.8747044917257684,0.028368794326241134,0.016548463356973995,0.016548463356973995,0.06382978723404255,0,33.59410163280346
3540005,CSD,South Huron (MU),425.1176,10063,4722,4339,3540,35,,4340,3390,0,125,320,30,425,680,910,930,0.7811059907834101,0.02880184331797235,0.07373271889400922,0.0069124423963133645,0.097926267281106,0,23.67109712700674
3540010,CSD,Bluewater (MU),416.704,7540,4882,3302,3540,35,,3305,2725,0,25,155,25,220,485,1000,750,0.8245083207261724,0.007564296520423601,0.046898638426626324,0.007564296520423601,0.06656580937972768,0,18.094378743664567
3540025,CSD,Central Huron (MU),449.4347,7799,3917,3267,3540,35,,3270,2600,0,75,45,15,280,415,850,890,0.7951070336391437,0.022935779816513763,0.013761467889908258,0.0045871559633027525,0.0856269113149847,0,17.352910222552907
3540028,CSD,Goderich (T),8.5371,7881,3899,3667,3540,35,,3665,2405,0,165,180,90,785,745,900,1000,0.6562073669849932,0.045020463847203276,0.04911323328785812,0.02455661664392906,0.21418826739427013,0,923.1472045542397
3540040,CSD,Huron East (MU),669.1529,9512,3912,3707,3540,35,,3705,3155,5,90,95,10,310,435,970,790,0.8515519568151148,0.024291497975708502,0.02564102564102564,0.002699055330634278,0.08367071524966262,0.001349527665317139,14.214987336974852
3540046,CSD,Howick (TP),286.5534,4045,1414,1343,3540,35,,1345,1190,0,50,45,5,40,185,1050,1020,0.8847583643122676,0.03717472118959108,0.03345724907063197,0.0037174721189591076,0.02973977695167286,0,14.1160425945042
3540050,CSD,Morris-Turnberry (MU),376.8892,3590,1283,1195,3540,35,,1195,1160,0,5,5,5,10,115,1150,750,0.9707112970711297,0.0041841004184100415,0.0041841004184100415,0.0041841004184100415,0.008368200836820083,0,9.525345910681441
3540055,CSD,North Huron (TP),179.0142,5052,2277,2157,3540,35,,2155,1630,0,55,120,30,310,350,1040,800,0.7563805104408353,0.025522041763341066,0.05568445475638051,0.013921113689095127,0.14385150812064965,0,28.22122490841509
3540063,CSD,Ashfield-Colborne-Wawanosh (TP),586.877,5884,3149,2357,3540,35,,2355,2075,0,25,5,5,10,265,760,750,0.881104033970276,0.010615711252653927,0.0021231422505307855,0.0021231422505307855,0.004246284501061571,0,10.02595092327694
3541004,CSD,South Bruce (MU),486.8643,5880,2419,2280,3541,35,,2280,2005,0,15,65,25,135,245,960,830,0.8793859649122807,0.006578947368421052,0.02850877192982456,0.010964912280701754,0.05921052631578947,0,12.077287244104774
3541015,CSD,Huron-Kinloss (TP),440.729,7723,4107,3026,3541,35,,3025,2745,0,50,50,0,170,420,990,830,0.9074380165289256,0.01652892561983471,0.01652892561983471,0,0.05619834710743802,0,17.523239904794103
3541024,CSD,Kincardine (MU),537.795,12268,6142,5160,3541,35,,5160,4140,0,145,360,60,415,710,1120,1200,0.8023255813953488,0.02810077519379845,0.06976744186046512,0.011627906976744186,0.08042635658914729,0,22.811666155319408
3541032,CSD,Brockton (MU),564.6422,9784,4406,4032,3541,35,,4035,3095,0,100,215,75,415,520,890,930,0.7670384138785625,0.024783147459727387,0.05328376703841388,0.01858736059479554,0.10285006195786865,0,17.32778740235852
3541043,CSD,Arran-Elderslie (MU),458.7569,6913,2998,2782,3541,35,,2780,2345,0,55,135,15,185,510,1150,970,0.8435251798561151,0.019784172661870502,0.048561151079136694,0.00539568345323741,0.06654676258992806,0,15.068983158618433
3541045,CSD,Saugeen Shores (T),170.1938,15908,8548,6905,3541,35,,6905,5170,5,340,460,60,810,950,1120,1170,0.7487328023171614,0.049239681390296886,0.0666183924692252,0.008689355539464157,0.1173062997827661,7.24112961622013e-4,93.46991488526608
3541055,CSD,South Bruce Peninsula (T),530.6122,9137,7093,4148,3541,35,,4150,3690,5,20,65,85,240,660,740,840,0.8891566265060241,0.004819277108433735,0.01566265060240964,0.020481927710843374,0.05783132530120482,0.0012048192771084338,17.219732226285032
3541056,CSD,Chief's Point No. 28 (IRI),5.7586,15,93,7,3541,35,,NA,NA,NA,NA,NA,NA,NA,NA,NA,NA,NA,NA,NA,NA,NA,NA,2.604799777723752
3541057,CSD,Saugeen 29 (IRI),41.4158,784,1389,318,3541,35,,315,290,0,0,20,0,5,0,NA,NA,0.9206349206349206,0,0.06349206349206349,0,0.015873015873015872,0,18.92997358496033
3541060,CSD,Neyaashiinigmiing 27 (IRI),63.7573,580,296,248,3541,35,,250,225,0,0,0,0,15,0,NA,NA,0.9,0,0,0,0.06,0,9.096997520283951
3541069,CSD,Northern Bruce Peninsula (MU),775.696,4404,5101,2206,3541,35,,2205,2065,0,10,50,5,55,345,650,1050,0.9365079365079365,0.0045351473922902496,0.022675736961451247,0.0022675736961451248,0.024943310657596373,0,5.677481900125822
3542004,CSD,West Grey (MU),875.2086,13131,5808,5284,3542,35,,5285,4640,0,60,105,70,295,685,860,860,0.8779564806054873,0.011352885525070956,0.019867549668874173,0.013245033112582781,0.05581835383159887,0,15.003280360819122
3542005,CSD,Southgate (TP),643.0785,8716,3257,3017,3542,35,,3015,2755,0,20,5,10,120,580,1360,1230,0.9137645107794361,0.006633499170812604,0.001658374792703151,0.003316749585406302,0.03980099502487562,0,13.553555281353677
3542015,CSD,Grey Highlands (MU),879.0298,10424,5337,4091,3542,35,,4090,3800,0,25,75,20,160,695,1150,950,0.9290953545232273,0.006112469437652812,0.018337408312958436,0.004889975550122249,0.039119804400977995,0,11.858528573206506
3542029,CSD,Hanover (T),9.7802,7967,3788,3445,3542,35,,3445,2210,130,115,260,150,580,695,880,990,0.6415094339622641,0.033381712626995644,0.07547169811320754,0.04354136429608128,0.1683599419448476,0.03773584905660377,814.6050183022842
3542037,CSD,Chatsworth (TP),594.4351,7080,3094,2699,3542,35,,2695,2560,5,30,0,20,60,395,950,750,0.9499072356215214,0.011131725417439703,0,0.0074211502782931356,0.022263450834879406,0.0018552875695732839,11.910467601929966
3542045,CSD,The Blue Mountains (T),284.6528,9390,7396,4348,3542,35,,4350,3485,30,40,455,25,295,880,1110,1300,0.8011494252873563,0.009195402298850575,0.10459770114942529,0.005747126436781609,0.067816091954023,0.006896551724137931,32.987555365694625
3542047,CSD,Meaford (MU),587.5653,11485,5828,5035,3542,35,,5035,4090,0,60,315,45,505,910,980,950,0.8123138033763655,0.011916583912611719,0.06256206554121152,0.00893743793445879,0.1002979145978153,0,19.546763568236585
3542053,CSD,Georgian Bluffs (TP),599.9631,11100,5269,4495,3542,35,35566,4495,4180,0,20,50,30,65,480,870,1090,0.9299221357063404,0.004449388209121246,0.011123470522803115,0.006674082313681869,0.014460511679644048,0,18.501137819975927
3542059,CSD,Owen Sound (CY),24.2137,21612,10406,9895,3542,35,35566,9895,5055,735,415,670,265,2700,2395,1060,930,0.5108640727640222,0.04194037392622536,0.06771096513390601,0.026781202627589692,0.27286508337544213,0.07427993936331481,892.5525632183434
3543003,CSD,Adjala-Tosorontio (TP),371.5321,10989,3995,3836,3543,35,,3835,3710,0,20,5,65,25,655,1580,1240,0.9674054758800521,0.005215123859191656,0.001303780964797914,0.01694915254237288,0.00651890482398957,0,29.577525064456072
3543005,CSD,Clearview (TP),556.3745,14814,6296,5570,3543,35,,5570,5010,0,70,200,35,235,995,1410,1210,0.8994614003590664,0.012567324955116697,0.03590664272890485,0.0062836624775583485,0.0421903052064632,0,26.625950686093628
3543007,CSD,New Tecumseth (T),273.8681,43948,16249,15854,3543,35,35535,15855,11225,75,1110,1445,520,1385,3565,1740,1410,0.7079785556606749,0.07000946073793755,0.09113844213181961,0.03279722485020498,0.08735414695679597,0.004730368968779565,160.47140941204907
3543009,CSD,Springwater (TP),535.8534,21701,7845,7516,3543,35,35568,7520,6975,0,35,35,120,270,1195,1640,1200,0.9275265957446809,0.004654255319148936,0.004654255319148936,0.015957446808510637,0.03590425531914894,0,40.49801680832855
3543014,CSD,Bradford West Gwillimbury (T),200.6757,42880,13907,13415,3543,35,35535,13415,10025,255,940,690,835,630,3565,2160,1510,0.7472978009690645,0.07007081625046589,0.05143496086470369,0.06224375698844577,0.04696235557212076,0.01900857249347745,213.6780885777401
3543015,CSD,Severn (TP),523.0626,14576,7073,5804,3543,35,,5805,5235,0,25,60,100,195,765,1150,980,0.9018087855297158,0.004306632213608958,0.0103359173126615,0.017226528854435832,0.03359173126614987,0,27.866645407261007
3543017,CSD,Innisfil (T),262.3924,43326,17528,15708,3543,35,35568,15705,14210,190,80,650,340,225,3775,1660,1860,0.9048073861827444,0.005093919134033747,0.041388092964024195,0.021649156319643426,0.014326647564469915,0.012098057943330149,165.11911168158832
3543019,CSD,Ramara (TP),414.9354,10377,6166,4408,3543,35,,4410,4025,0,10,270,20,25,890,1100,1210,0.9126984126984127,0.0022675736961451248,0.061224489795918366,0.0045351473922902496,0.005668934240362812,0,25.008712199537566
3543021,CSD,Essa (TP),279.9158,22970,8232,7949,3543,35,35563,7950,6110,60,795,470,155,225,1300,1700,1110,0.7685534591194969,0.1,0.05911949685534591,0.01949685534591195,0.02830188679245283,0.007547169811320755,82.06039101758458
3543023,CSD,Oro-Medonte (TP),585.4177,23017,9510,8636,3543,35,,8635,8345,5,20,25,70,135,1145,1400,1250,0.9664157498552403,0.0023161551823972205,0.0028951939779965257,0.008106543138390272,0.01563404748118124,5.790387955993051e-4,39.317225973864474
3543031,CSD,Collingwood (T),33.1545,24811,13216,11174,3543,35,35567,11175,6305,450,755,1380,255,2005,2960,1280,1400,0.5642058165548098,0.06756152125279642,0.12348993288590604,0.022818791946308724,0.17941834451901567,0.040268456375838924,748.3448702287774
3543042,CSD,Barrie (CY),99.0088,147829,57276,55316,3543,35,35568,55315,32210,4240,2355,6330,3715,6400,14760,1740,1510,0.5823013649100606,0.04257434692217301,0.11443550573985356,0.06716080629124108,0.11570098526620266,0.07665190273885926,1493.0895031552752
3543050,CSD,Chippewas of Rama First Nation (IRI),11.1544,998,408,377,3543,35,,375,295,0,45,25,0,0,0,NA,NA,0.7866666666666666,0.12,0.06666666666666667,0,0,0,89.47141935021158
3543052,CSD,Orillia (CY),28.5294,33411,15428,14422,3543,35,35569,14420,8035,920,355,1245,910,2755,3835,1210,1180,0.5572122052704577,0.024618585298196948,0.08633841886269071,0.06310679611650485,0.19105409153952843,0.0638002773925104,1171.1076994258556
3543064,CSD,Wasaga Beach (T),57.4219,24862,13768,10811,3543,35,35565,10810,8935,5,250,910,145,510,2155,900,1410,0.8265494912118408,0.02312673450508788,0.0841813135985199,0.01341350601295097,0.04717853839037928,4.6253469010175765e-4,432.970695849493
3543068,CSD,Tiny (TP),335.0513,12966,9699,5434,3543,35,,5430,5290,10,15,5,40,60,855,940,960,0.9742173112338858,0.0027624309392265192,9.208103130755065e-4,0.007366482504604052,0.011049723756906077,0.001841620626151013,38.69855153524251
3543069,CSD,Christian Island 30 (IRI),51.9051,679,524,221,3543,35,,225,195,0,5,5,0,10,0,NA,NA,0.8666666666666667,0.022222222222222223,0.022222222222222223,0,0.044444444444444446,0,13.081566165945159
3543070,CSD,Christian Island 30A (IRI),0.0707,30,14,13,3543,35,,NA,NA,NA,NA,NA,NA,NA,NA,NA,NA,NA,NA,NA,NA,NA,NA,424.32814710042436
3543071,CSD,Tay (TP),137.8564,11091,5301,4535,3543,35,,4535,4175,0,50,55,65,130,800,1150,1120,0.9206174200661521,0.011025358324145534,0.012127894156560088,0.014332965821389196,0.02866593164277839,0,80.45328327157824
3543072,CSD,Penetanguishene (T),25.4227,10077,4357,3976,3543,35,35571,3980,2705,0,185,105,300,675,835,1140,920,0.6796482412060302,0.04648241206030151,0.026381909547738693,0.07537688442211055,0.16959798994974876,0,396.37804009802267
3543074,CSD,Midland (T),35.329,17817,8295,7849,3543,35,35571,7850,5105,530,280,430,470,945,1815,1070,1060,0.6503184713375796,0.035668789808917196,0.05477707006369427,0.05987261146496815,0.12038216560509554,0.06751592356687898,504.316567126157
3544002,CSD,Gravenhurst (T),489.1123,13157,8271,5496,3544,35,,5495,4310,70,70,175,70,585,1110,1010,1010,0.7843494085532302,0.012738853503184714,0.03184713375796178,0.012738853503184714,0.10646041856232939,0.012738853503184714,26.899752878837845
3544018,CSD,Bracebridge (T),615.1973,17305,9053,7233,3544,35,,7235,5470,130,220,395,210,705,1475,1200,1210,0.756046993780235,0.0304077401520387,0.05459571527297857,0.02902557014512785,0.09744298548721493,0.01796821008984105,28.12918717296061
3544027,CSD,Lake of Bays (TP),667.4319,3759,4324,1760,3544,35,,1760,1710,0,0,0,5,35,300,880,1110,0.9715909090909091,0,0,0.002840909090909091,0.019886363636363636,0,5.632035268317262
3544042,CSD,Huntsville (T),705.1844,21147,11214,8817,3544,35,,8820,7050,70,90,170,325,1015,1640,1130,1100,0.7993197278911565,0.01020408163265306,0.01927437641723356,0.036848072562358274,0.11507936507936507,0.007936507936507936,29.987901036948635
3544053,CSD,Muskoka Lakes (TP),774.4616,7652,9443,3529,3544,35,,3530,3415,0,15,15,45,15,640,1050,1000,0.9674220963172805,0.00424929178470255,0.00424929178470255,0.012747875354107648,0.00424929178470255,0,9.880412405211569
3544065,CSD,Georgian Bay (TP),525.2865,3441,5175,1660,3544,35,,1660,1525,0,20,70,5,30,300,800,840,0.9186746987951807,0.012048192771084338,0.04216867469879518,0.0030120481927710845,0.018072289156626505,0,6.5507108977672175
3544071,CSD,Wahta Mohawk Territory (IRI),59.6586,0,0,0,3544,35,,NA,NA,NA,NA,NA,NA,NA,NA,NA,NA,NA,NA,NA,NA,NA,NA,0
3544073,CSD,Moose Point 79 (IRI),3.139,213,80,76,3544,35,,75,75,0,0,0,0,0,NA,NA,NA,1,0,0,0,0,0,67.85600509716471
3546005,CSD,Highlands East (MU),688.1824,3830,4430,1875,3546,35,,1875,1820,0,5,10,10,15,340,695,930,0.9706666666666667,0.0026666666666666666,0.005333333333333333,0.005333333333333333,0.008,0,5.565384990955886
3546015,CSD,Minden Hills (TP),847.3722,6971,6019,3229,3546,35,,3230,3000,5,10,30,20,145,465,770,840,0.9287925696594427,0.0030959752321981426,0.009287925696594427,0.006191950464396285,0.04489164086687306,0.0015479876160990713,8.226609275121369
3546018,CSD,Algonquin Highlands (TP),999.6942,2588,3325,1269,3546,35,,1270,1235,0,10,0,10,5,195,745,800,0.9724409448818898,0.007874015748031496,0,0.007874015748031496,0.003937007874015748,0,2.5887916524873305
3546024,CSD,Dysart et al (MU),1474.2204,7182,7298,3341,3546,35,,3340,3005,5,20,25,10,270,550,880,900,0.8997005988023952,0.005988023952095809,0.0074850299401197605,0.0029940119760479044,0.08083832335329341,0.0014970059880239522,4.87172745676291
3547002,CSD,Arnprior (T),13.0382,9629,4458,4308,3547,35,505,4310,2230,55,450,550,90,915,820,1170,1010,0.5174013921113689,0.10440835266821345,0.12761020881670534,0.02088167053364269,0.2122969837587007,0.012761020881670533,738.5221886456719
3547003,CSD,McNab/Braeside (TP),255.2754,7591,3235,3036,3547,35,505,3035,2875,0,15,10,10,40,320,1180,1040,0.9472817133443163,0.004942339373970346,0.0032948929159802307,0.0032948929159802307,0.013179571663920923,0,29.73651201800095
3547008,CSD,Greater Madawaska (TP),1018.1487,2864,2251,1343,3547,35,,1345,1315,0,0,0,0,10,220,785,1000,0.9776951672862454,0,0,0,0.007434944237918215,0,2.81294863903475
3547020,CSD,"Brudenell, Lyndoch and Raglan (TP)",701.2927,1552,998,694,3547,35,,695,660,0,0,0,0,25,65,484,596,0.9496402877697842,0,0,0,0.03597122302158273,0,2.213055975058631
3547030,CSD,Madawaska Valley (TP),665.8288,3927,2541,1713,3547,35,,1710,1575,0,10,10,15,85,265,645,755,0.9210526315789473,0.005847953216374269,0.005847953216374269,0.008771929824561403,0.049707602339181284,0,5.897912496425508
3547033,CSD,"Killaloe, Hagarty and Richards (TP)",391.6037,2410,1559,1097,3547,35,,1100,1045,0,0,0,0,30,125,650,624,0.95,0,0,0,0.02727272727272727,0,6.154180872141913
3547035,CSD,Bonnechere Valley (TP),588.3577,3898,2320,1739,3547,35,,1740,1565,5,30,0,25,100,265,810,900,0.8994252873563219,0.017241379310344827,0,0.014367816091954023,0.05747126436781609,0.0028735632183908046,6.625221357687678
3547037,CSD,Pikwakanagan (Golden Lake 39) (IRI),7.3822,490,191,184,3547,35,,185,175,0,0,0,0,5,0,NA,NA,0.9459459459459459,0,0,0,0.02702702702702703,0,66.37587710980466
3547043,CSD,Admaston/Bromley (TP),519.5858,2995,1305,1136,3547,35,,1135,1110,0,5,5,5,0,75,870,1060,0.9779735682819384,0.004405286343612335,0.004405286343612335,0.004405286343612335,0,0,5.76420679702948
3547046,CSD,Horton (TP),158.0226,3182,1486,1290,3547,35,,1290,1140,0,5,0,10,45,155,1120,1000,0.8837209302325582,0.003875968992248062,0,0.007751937984496124,0.03488372093023256,0,20.13636024214258
3547048,CSD,Renfrew (T),12.8111,8190,4117,3954,3547,35,,3955,2460,0,235,330,110,795,780,780,850,0.6219974715549936,0.05941845764854614,0.08343868520859671,0.02781289506953224,0.20101137800252844,0,639.2893662527027
3547056,CSD,Whitewater Region (TP),535.4753,7225,3470,2909,3547,35,,2910,2665,0,15,50,35,95,360,910,920,0.915807560137457,0.005154639175257732,0.01718213058419244,0.012027491408934709,0.03264604810996564,0,13.492685843772813
3547064,CSD,Pembroke (CY),14.3232,14364,6888,6542,3547,35,35515,6540,3780,0,510,300,230,1690,1450,1050,940,0.5779816513761468,0.0779816513761468,0.045871559633027525,0.035168195718654434,0.25840978593272174,0,1002.8485254691689
3547070,CSD,North Algona Wilberforce (TP),369.2335,3111,1757,1297,3547,35,,1295,1275,0,5,0,5,5,145,740,960,0.9845559845559846,0.003861003861003861,0,0.003861003861003861,0.003861003861003861,0,8.425562685942635
3547075,CSD,Laurentian Valley (TP),539.0791,9450,3877,3715,3547,35,35515,3715,3465,0,80,10,20,140,340,980,1020,0.9327052489905787,0.021534320323014805,0.0026917900403768506,0.005383580080753701,0.03768506056527591,0,17.5298949634664
3547076,CSD,Petawawa (T),164.6987,18160,7174,6762,3547,35,35516,6760,4760,0,455,845,50,635,575,1430,950,0.7041420118343196,0.0673076923076923,0.125,0.0073964497041420114,0.09393491124260354,0,110.26195106579469
3547090,CSD,Laurentian Hills (T),634.3101,2885,1393,1251,3547,35,,1250,1160,0,10,5,10,15,140,1150,1000,0.928,0.008,0.004,0.008,0.012,0,4.548248561705071
3547096,CSD,Deep River (T),50.2714,4175,1981,1866,3547,35,,1865,1400,0,215,0,5,245,185,800,930,0.7506702412868632,0.11528150134048257,0,0.002680965147453083,0.13136729222520108,0,83.0492088941227
3547098,CSD,"Head, Clara and Maria (TP)",719.1993,267,133,116,3547,35,,115,110,0,0,0,0,0,NA,540,NA,0.9565217391304348,0,0,0,0,0,0.37124619003383347
3548001,CSD,South Algonquin (TP),867.733,1055,894,527,3548,35,,530,505,0,0,0,0,5,70,556,775,0.9528301886792453,0,0,0,0.009433962264150943,0,1.2158117762030487
3548013,CSD,Papineau-Cameron (TP),564.2333,982,495,407,3548,35,,405,395,0,0,0,0,0,45,780,950,0.9753086419753086,0,0,0,0,0,1.7404148248605675
3548019,CSD,Mattawan (TP),200.12,153,102,71,3548,35,,70,70,0,0,0,0,0,NA,725,NA,1,0,0,0,0,0,0.764541275234859
3548021,CSD,Mattawa (T),3.6659,1881,929,857,3548,35,,860,595,0,5,45,25,175,185,795,750,0.6918604651162791,0.005813953488372093,0.05232558139534884,0.029069767441860465,0.20348837209302326,0,513.1072860689053
3548022,CSD,Calvin (MU),140.1323,557,263,227,3548,35,,230,220,0,0,0,0,0,35,900,NA,0.9565217391304348,0,0,0,0,0,3.9748152281807982
3548027,CSD,Bonfield (TP),206.2199,2146,1080,889,3548,35,35575,890,825,0,0,0,15,40,115,1070,775,0.9269662921348315,0,0,0.016853932584269662,0.0449438202247191,0,10.406367183768396
3548031,CSD,Chisholm (TP),205.7694,1312,614,508,3548,35,35575,510,500,0,5,0,0,0,85,870,NA,0.9803921568627451,0.00980392156862745,0,0,0,0,6.376069522484879
3548034,CSD,East Ferris (MU),151.944,4946,2172,1890,3548,35,35575,1890,1810,0,20,30,15,10,255,1330,1070,0.9576719576719577,0.010582010582010581,0.015873015873015872,0.007936507936507936,0.005291005291005291,0,32.55146632970042
3548044,CSD,North Bay (CY),315.529,52662,25077,23467,3548,35,35575,23470,11440,2080,2135,2025,1560,4100,4925,1200,990,0.4874307626757563,0.09096719216020452,0.08628035790370686,0.06646783127396677,0.17469109501491265,0.08862377503195569,166.9006652320389
3548055,CSD,West Nipissing / Nipissing Ouest (M),1956.2716,14583,7252,6413,3548,35,,6415,4755,0,210,100,355,900,1250,980,900,0.7412314886983632,0.03273577552611068,0.01558846453624318,0.05533904910366329,0.1402961808261886,0,7.454486381134399
3548069,CSD,Temagami (MU),1878.1232,862,928,432,3548,35,,430,340,0,5,0,20,20,65,632,604,0.7906976744186046,0.011627906976744186,0,0.046511627906976744,0.046511627906976744,0,0.45896882590023913
3548072,CSD,Bear Island 1 (IRI),2.8821,244,103,84,3548,35,,85,75,0,5,0,0,0,NA,NA,NA,0.8823529411764706,0.058823529411764705,0,0,0,0,84.6604906144825
3548073,CSD,Nipissing 10 (IRI),60.8709,1640,773,705,3548,35,,705,650,0,25,20,0,10,0,NA,NA,0.9219858156028369,0.03546099290780142,0.028368794326241134,0,0.014184397163120567,0,26.942266337445314
3548091,CSD,"Nipissing, Unorganized, South Part (NO)",6711.5074,102,337,46,3548,35,,50,50,0,0,0,0,0,NA,464,NA,1,0,0,0,0,0,0.015197778072925912
3548094,CSD,"Nipissing, Unorganized, North Part (NO)",3721.1959,1591,955,729,3548,35,35575,730,650,0,0,0,0,15,70,705,980,0.8904109589041096,0,0,0,0.02054794520547945,0,0.4275507236799868
3549003,CSD,Seguin (TP),586.9928,5280,4827,2136,3549,35,,2135,2065,0,15,25,10,15,330,860,1080,0.9672131147540983,0.00702576112412178,0.0117096018735363,0.00468384074941452,0.00702576112412178,0,8.994999597950775
3549005,CSD,The Archipelago (TP),592.1393,979,2863,497,3549,35,,495,495,0,0,0,0,0,70,640,NA,1,0,0,0,0,0,1.6533271816277013
3549012,CSD,McMurrich/Monteith (TP),275.2585,907,735,410,3549,35,,410,395,0,0,5,0,0,85,710,NA,0.9634146341463414,0,0.012195121951219513,0,0,0,3.295084438809337
3549014,CSD,Perry (TP),186.339,2650,1710,1144,3549,35,,1145,1030,0,5,10,25,50,165,960,800,0.8995633187772926,0.004366812227074236,0.008733624454148471,0.021834061135371178,0.043668122270742356,0,14.221392193797326
3549018,CSD,Kearney (T),528.2109,974,1195,460,3549,35,,460,440,0,0,0,0,10,70,750,NA,0.9565217391304348,0,0,0,0.021739130434782608,0,1.8439604332284698
3549019,CSD,Armour (TP),163.5236,1459,1087,667,3549,35,,665,640,0,0,0,10,15,100,765,800,0.9624060150375939,0,0,0.015037593984962405,0.022556390977443608,0,8.922259539295858
3549022,CSD,Burk's Falls (VL),3.0871,957,523,465,3549,35,,465,295,0,10,10,20,125,90,1110,780,0.6344086021505376,0.021505376344086023,0.021505376344086023,0.043010752688172046,0.26881720430107525,0,309.9996760713939
3549024,CSD,Ryerson (TP),185.9324,745,555,344,3549,35,,345,335,0,5,0,0,0,65,1030,NA,0.9710144927536232,0.014492753623188406,0,0,0,0,4.006832590769548
3549028,CSD,McKellar (TP),176.0717,1419,1515,695,3549,35,,695,685,0,0,0,0,5,95,750,NA,0.9856115107913669,0,0,0,0.007194244604316547,0,8.05921678498021
3549031,CSD,McDougall (MU),264.0218,2744,1673,1154,3549,35,,1155,1115,0,0,0,10,25,160,960,1250,0.9653679653679653,0,0,0.008658008658008658,0.021645021645021644,0,10.393081177387625
3549032,CSD,Parry Sound (T),13.1049,6879,3518,3197,3549,35,,3200,1715,190,130,40,180,865,905,1050,1010,0.5359375,0.040625,0.0125,0.05625,0.2703125,0.059375,524.9181603827576
3549036,CSD,Carling (TP),244.3243,1491,1761,697,3549,35,,700,680,0,10,0,0,0,80,840,NA,0.9714285714285714,0.014285714285714285,0,0,0,0,6.102544855341855
3549039,CSD,Whitestone (MU),923.6973,1075,1427,549,3549,35,,550,535,0,0,0,0,0,95,560,NA,0.9727272727272728,0,0,0,0,0,1.1638011716608894
3549043,CSD,Magnetawan (MU),526.3069,1753,1717,825,3549,35,,825,800,0,0,0,0,15,125,604,650,0.9696969696969697,0,0,0,0.01818181818181818,0,3.3307562564731716
3549046,CSD,Strong (TP),158.8803,1566,953,660,3549,35,,660,625,0,15,0,0,5,120,840,1010,0.946969696969697,0.022727272727272728,0,0,0.007575757575757576,0,9.856476857105632
3549048,CSD,Sundridge (VL),2.2455,938,458,436,3549,35,,435,395,0,0,0,0,35,75,770,675,0.9080459770114943,0,0,0,0.08045977011494253,0,417.72433756401693
3549051,CSD,Joly (TP),193.9518,293,155,127,3549,35,,125,125,0,0,0,0,0,NA,765,NA,1,0,0,0,0,0,1.5106846133936371
3549054,CSD,Machar (TP),182.6485,969,875,459,3549,35,,460,440,0,5,5,0,0,30,735,NA,0.9565217391304348,0.010869565217391304,0.010869565217391304,0,0,0,5.30527214841622
3549056,CSD,South River (VL),4.1076,1101,510,482,3549,35,,485,395,0,15,20,10,40,80,660,860,0.8144329896907216,0.030927835051546393,0.041237113402061855,0.020618556701030927,0.08247422680412371,0,268.0397312299153
3549060,CSD,Powassan (MU),223.2601,3346,1381,1317,3549,35,35575,1315,1195,0,20,10,40,60,165,920,910,0.908745247148289,0.015209125475285171,0.0076045627376425855,0.030418250950570342,0.045627376425855515,0,14.987003947413802
3549066,CSD,Callander (MU),102.9822,3964,1758,1636,3549,35,35575,1635,1415,0,35,40,30,85,225,1280,920,0.8654434250764526,0.021406727828746176,0.024464831804281346,0.01834862385321101,0.05198776758409786,0,38.49208892410533
3549071,CSD,Nipissing (TP),387.9514,1769,1012,746,3549,35,35575,745,740,0,0,0,0,0,115,1000,970,0.9932885906040269,0,0,0,0,0,4.559849506922775
3549072,CSD,Shawanaga 17 (IRI),32.2451,155,79,73,3549,35,,75,65,0,0,0,0,10,NA,NA,NA,0.8666666666666667,0,0,0,0.13333333333333333,0,4.806931905932994
3549073,CSD,Parry Island First Nation (IRI),71.3055,367,310,135,3549,35,,135,115,0,10,5,0,15,0,NA,NA,0.8518518518518519,0.07407407407407407,0.037037037037037035,0,0.1111111111111111,0,5.14686805365645
3549075,CSD,Henvey Inlet 2 (IRI),84.5404,15,7,7,3549,35,,NA,NA,NA,NA,NA,NA,NA,NA,NA,NA,NA,NA,NA,NA,NA,NA,0.17742996247947726
3549076,CSD,French River 13 (IRI),25.8481,137,55,52,3549,35,,50,40,0,0,0,0,5,NA,NA,NA,0.8,0,0,0,0.1,0,5.300196145944963
3549077,CSD,Dokis 9 (IRI),150.1918,201,145,97,3549,35,,95,90,0,0,5,0,0,NA,NA,NA,0.9473684210526315,0,0.05263157894736842,0,0,0,1.3382887747533487
3549078,CSD,Magnetewan 1 (IRI),44.4125,102,52,45,3549,35,,45,25,0,0,0,5,10,NA,NA,NA,0.5555555555555556,0,0,0.1111111111111111,0.2222222222222222,0,2.2966507177033493
3549093,CSD,Naiscoutaing 17A (IRI),10.0123,0,0,0,3549,35,,NA,NA,NA,NA,NA,NA,NA,NA,NA,NA,NA,NA,NA,NA,NA,NA,0
3549095,CSD,"Parry Sound, Unorganized, North East Part (NO)",183.0397,179,81,73,3549,35,,70,70,0,0,0,0,0,NA,612,NA,1,0,0,0,0,0,0.9779299244917905
3549096,CSD,"Parry Sound, Unorganized, Centre Part (NO)",2587.288,2495,2703,1263,3549,35,,1265,1200,0,5,0,5,5,205,516,700,0.9486166007905138,0.003952569169960474,0,0.003952569169960474,0.003952569169960474,0,0.9643302175869095
3551001,CSD,Tehkummah (TP),131.7029,450,368,224,3551,35,,225,210,0,0,0,0,5,60,780,NA,0.9333333333333333,0,0,0,0.022222222222222223,0,3.416781255386176
3551006,CSD,Central Manitoulin (MU),427.6145,2235,1603,1050,3551,35,,1050,940,0,0,40,10,55,160,628,1100,0.8952380952380953,0,0.0380952380952381,0.009523809523809525,0.05238095238095238,0,5.226670283631635
3551011,CSD,Assiginack (TP),224.886,1008,710,447,3551,35,,445,415,0,0,0,0,25,55,950,650,0.9325842696629213,0,0,0,0.056179775280898875,0,4.48227101731544
3551017,CSD,Northeastern Manitoulin and the Islands (MU),489.1931,2641,1903,1205,3551,35,,1205,1065,0,20,15,20,70,195,890,940,0.8838174273858921,0.016597510373443983,0.012448132780082987,0.016597510373443983,0.058091286307053944,0,5.398686122105974
3551021,CSD,Billings (TP),208.8094,753,675,343,3551,35,,340,330,0,0,5,5,0,40,775,1140,0.9705882352941176,0,0.014705882352941176,0.014705882352941176,0,0,3.6061594928197676
3551026,CSD,Gore Bay (T),5.1404,808,421,382,3551,35,,385,280,0,5,5,35,55,85,880,860,0.7272727272727273,0.012987012987012988,0.012987012987012988,0.09090909090909091,0.14285714285714285,0,157.1862111897907
3551027,CSD,Gordon/Barrie Island (MU),263.4434,613,621,294,3551,35,,290,290,0,0,0,0,0,30,576,NA,1,0,0,0,0,0,2.3268755262041108
3551028,CSD,Burpee and Mills (TP),217.3349,382,292,167,3551,35,,165,165,0,0,0,0,5,0,484,NA,1,0,0,0,0.030303030303030304,0,1.757656041436511
3551034,CSD,Cockburn Island (TP),168.9012,16,89,11,3551,35,,NA,NA,NA,NA,NA,NA,NA,NA,NA,NA,NA,NA,NA,NA,NA,NA,0.09472993679144968
3551040,CSD,Whitefish River 4 (IRI),39.7322,457,270,180,3551,35,,180,165,0,5,5,0,5,0,NA,NA,0.9166666666666666,0.027777777777777776,0.027777777777777776,0,0.027777777777777776,0,11.502005929699337
3551041,CSD,Sucker Creek 23 (IRI),6.4667,373,159,147,3551,35,,145,130,0,10,10,0,0,0,NA,NA,0.896551724137931,0.06896551724137931,0.06896551724137931,0,0,0,57.68011505095334
3551042,CSD,Sheguiandah 24 (IRI),20.648,158,67,56,3551,35,,55,50,0,5,5,0,0,NA,NA,NA,0.9090909090909091,0.09090909090909091,0.09090909090909091,0,0,0,7.652072839984502
3551043,CSD,Wikwemikong Unceded (IRI),409.0412,2728,1130,1038,3551,35,,1040,740,0,30,240,0,30,0,NA,NA,0.7115384615384616,0.028846153846153848,0.23076923076923078,0,0.028846153846153848,0,6.669254833009487
3551044,CSD,Sheshegwaning 20 (IRI),20.0621,127,69,59,3551,35,,60,50,0,5,5,0,0,NA,NA,NA,0.8333333333333334,0.08333333333333333,0.08333333333333333,0,0,0,6.330344281007472
3551045,CSD,M'Chigeeng 22 (IRI),32.9924,926,543,404,3551,35,,405,355,0,0,45,5,0,0,NA,NA,0.8765432098765432,0,0.1111111111111111,0.012345679012345678,0,0,28.067069991876913
3551094,CSD,"Manitoulin, Unorganized, West Part (NO)",402.2868,219,367,123,3551,35,,120,115,0,0,0,0,0,NA,336,NA,0.9583333333333334,0,0,0,0,0,0.5443877353171915
3551100,CSD,Zhiibaahaasing 19A (IRI),5.2834,41,15,14,3551,35,,10,10,0,0,0,0,0,NA,NA,NA,1,0,0,0,0,0,7.760154446000681
3552001,CSD,French River / Rivière des Français (M),717.9088,2828,2098,1367,3552,35,,1365,1220,0,5,0,45,80,210,780,725,0.8937728937728938,0.003663003663003663,0,0.03296703296703297,0.05860805860805861,0,3.9392190205775437
3552004,CSD,St.-Charles (MU),314.4614,1357,788,621,3552,35,35580,625,555,0,10,5,0,35,95,960,620,0.888,0.016,0.008,0,0.056,0,4.315315011635768
3552013,CSD,Markstay-Warren (MU),505.924,2708,1199,1109,3552,35,35580,1110,1000,5,0,5,10,50,175,1050,670,0.9009009009009009,0,0.0045045045045045045,0.009009009009009009,0.04504504504504504,0.0045045045045045045,5.352582601339332
3552023,CSD,Sables-Spanish Rivers (TP),801.0359,3237,1718,1386,3552,35,,1385,1315,0,5,0,10,50,170,665,750,0.9494584837545126,0.0036101083032490976,0,0.007220216606498195,0.036101083032490974,0,4.041017387610219
3552026,CSD,Espanola (T),81.0034,5185,2450,2304,3552,35,,2305,1860,0,75,60,60,235,320,860,930,0.806941431670282,0.03253796095444685,0.026030368763557483,0.026030368763557483,0.1019522776572668,0,64.00965885382588
3552028,CSD,Baldwin (TP),82.4898,579,326,238,3552,35,,240,235,0,0,5,0,0,30,544,900,0.9791666666666666,0,0.020833333333333332,0,0,0,7.019049627954002
3552031,CSD,Nairn and Hyman (TP),159.1769,373,215,162,3552,35,,160,135,0,0,0,10,15,0,1080,NA,0.84375,0,0,0.0625,0.09375,0,2.3433048388302575
3552036,CSD,Killarney (MU),1469.3967,397,443,193,3552,35,,190,185,0,0,0,0,0,0,612,NA,0.9736842105263158,0,0,0,0,0,0.2701789108414358
3552037,CSD,Point Grondine 3 (IRI),138.5486,5,4,1,3552,35,,NA,NA,NA,NA,NA,NA,NA,NA,NA,NA,NA,NA,NA,NA,NA,NA,0.036088419514885034
3552051,CSD,Whitefish Lake 6 (IRI),170.1611,412,202,132,3552,35,35580,130,105,0,10,5,0,0,0,NA,NA,0.8076923076923077,0.07692307692307693,0.038461538461538464,0,0,0,2.4212349355992644
3552052,CSD,Mattagami 71 (IRI),46.4286,210,89,81,3552,35,,80,55,0,15,10,0,0,NA,NA,NA,0.6875,0.1875,0.125,0,0,0,4.523074139646683
3552053,CSD,Chapleau 74A (IRI),7.6093,17,13,8,3552,35,,NA,NA,NA,NA,NA,NA,NA,NA,NA,NA,NA,NA,NA,NA,NA,NA,2.2341082622580264
3552054,CSD,Duck Lake 76B (IRI),1.8577,154,64,51,3552,35,,55,45,0,0,0,0,5,NA,NA,NA,0.8181818181818182,0,0,0,0.09090909090909091,0,82.89820746083868
3552056,CSD,Chapleau Cree Fox Lake (IRI),9.2464,62,34,28,3552,35,,30,20,0,0,5,0,0,NA,NA,NA,0.6666666666666666,0,0.16666666666666666,0,0,0,6.705312337774702
3552058,CSD,Chapleau 75 (IRI),1.1689,0,0,0,3552,35,,NA,NA,NA,NA,NA,NA,NA,NA,NA,NA,NA,NA,NA,NA,NA,NA,0
3552092,CSD,Chapleau (TP),13.1977,1942,973,867,3552,35,,870,625,0,30,45,65,90,60,775,800,0.7183908045977011,0.034482758620689655,0.05172413793103448,0.07471264367816093,0.10344827586206896,0,147.14685134531018
3552093,CSD,"Sudbury, Unorganized, North Part (NO)",35377.1733,2902,2837,1367,3552,35,,1370,1310,0,20,0,10,5,170,675,1000,0.9562043795620438,0.014598540145985401,0,0.0072992700729927005,0.0036496350364963502,0,0.08203029607229811
3553005,CSD,Greater Sudbury / Grand Sudbury (CV),3186.2598,166004,75967,71476,3553,35,35580,71480,43325,4785,3280,2915,4475,12045,12260,1240,1000,0.6061135982092893,0.04588696138780078,0.04078063794068271,0.06260492445439284,0.16850867375489648,0.0669418019026301,52.09995744854202
3553040,CSD,Wahnapitei 11 (IRI),10.5917,124,69,49,3553,35,35580,50,45,0,0,5,0,0,NA,NA,NA,0.9,0,0.1,0,0,0,11.707280228858446
3554001,CSD,Coleman (TP),177.9517,517,295,236,3554,35,,235,225,0,0,0,0,0,25,725,NA,0.9574468085106383,0,0,0,0,0,2.905282725593518
3554006,CSD,Latchford (T),152.255,355,206,169,3554,35,,165,165,0,0,0,0,0,30,820,NA,1,0,0,0,0,0,2.3316147252963777
3554008,CSD,Cobalt (T),2.0667,989,542,454,3554,35,,455,340,0,0,5,35,50,60,632,800,0.7472527472527473,0,0.01098901098901099,0.07692307692307693,0.10989010989010989,0,478.540668698892
3554014,CSD,Harris (TP),49.812,530,217,205,3554,35,,205,205,0,5,0,0,0,0,785,NA,1,0.024390243902439025,0,0,0,0,10.640006424154823
3554020,CSD,Temiskaming Shores (CY),176.6664,9634,4539,4263,3554,35,,4265,3345,45,75,30,140,590,710,920,850,0.7842907385697538,0.017584994138335287,0.007033997655334115,0.032825322391559206,0.13833528722157093,0.010550996483001172,54.532157784389106
3554021,CSD,Hudson (TP),90.2845,530,325,213,3554,35,,215,205,0,5,0,0,0,25,870,NA,0.9534883720930233,0.023255813953488372,0,0,0,0,5.870332116808534
3554024,CSD,Kerns (TP),90.6561,330,129,121,3554,35,,120,120,0,0,0,0,0,0,950,NA,1,0,0,0,0,0,3.6401301181056764
3554026,CSD,Harley (TP),92.3393,524,200,187,3554,35,,190,175,0,0,0,0,0,15,1200,NA,0.9210526315789473,0,0,0,0,0,5.674723546745535
3554029,CSD,Casey (TP),80.8019,341,140,127,3554,35,,125,130,0,0,0,0,0,20,1030,NA,1.04,0,0,0,0,0,4.220197792378644
3554032,CSD,Brethour (TP),81.9726,105,48,38,3554,35,,40,35,0,0,0,0,0,NA,NA,NA,0.875,0,0,0,0,0,1.2809158182124272
3554034,CSD,Hilliard (TP),91.2675,215,93,87,3554,35,,85,85,0,0,0,0,0,NA,650,NA,1,0,0,0,0,0,2.3557126030624262
3554036,CSD,Armstrong (TP),90.163,1199,523,502,3554,35,,500,385,0,25,20,15,50,50,870,700,0.77,0.05,0.04,0.03,0.1,0,13.29813781706465
3554038,CSD,Thornloe (VL),6.5898,92,53,48,3554,35,,50,35,0,0,0,5,5,NA,840,NA,0.7,0,0,0.1,0.1,0,13.960969983914534
3554042,CSD,James (TP),85.3967,348,224,181,3554,35,,180,160,0,0,0,0,20,30,840,572,0.8888888888888888,0,0,0,0.1111111111111111,0,4.075098920684289
3554044,CSD,Charlton and Dack (MU),92.7354,686,280,261,3554,35,,260,255,0,0,0,0,0,30,890,NA,0.9807692307692307,0,0,0,0,0,7.397390856134766
3554049,CSD,Evanturel (TP),89.2084,502,203,193,3554,35,,190,175,0,0,0,5,5,0,645,NA,0.9210526315789473,0,0,0.02631578947368421,0.02631578947368421,0,5.627272768035297
3554052,CSD,Englehart (T),2.9177,1442,720,684,3554,35,,680,500,0,10,20,15,135,80,930,650,0.7352941176470589,0.014705882352941176,0.029411764705882353,0.022058823529411766,0.19852941176470587,0,494.2249031771601
3554054,CSD,Chamberlain (TP),110.8065,311,145,132,3554,35,,130,125,0,0,0,0,0,NA,780,NA,0.9615384615384616,0,0,0,0,0,2.8066945531173713
3554056,CSD,Matachewan (TP),539.5577,268,202,134,3554,35,,130,135,0,0,0,0,0,NA,680,NA,1.0384615384615385,0,0,0,0,0,0.4967031329550112
3554057,CSD,Matachewan 72 (IRI),33.0948,66,35,29,3554,35,,30,30,0,0,0,0,0,NA,NA,NA,1,0,0,0,0,0,1.994271003299612
3554058,CSD,McGarry (TP),85.621,579,333,289,3554,35,,290,275,0,0,0,0,10,70,720,604,0.9482758620689655,0,0,0,0.034482758620689655,0,6.762359701475106
3554062,CSD,Larder Lake (TP),227.6201,745,440,352,3554,35,,350,300,0,0,0,0,45,45,670,720,0.8571428571428571,0,0,0,0.12857142857142856,0,3.2729974198236444
3554066,CSD,Gauthier (TP),87.9755,151,73,68,3554,35,,70,65,0,0,0,0,0,NA,1100,NA,0.9285714285714286,0,0,0,0,0,1.71638694863911
3554068,CSD,Kirkland Lake (T),261.2877,7750,4353,3775,3554,35,,3775,2375,115,65,105,160,925,710,780,750,0.6291390728476821,0.017218543046357615,0.02781456953642384,0.0423841059602649,0.24503311258278146,0.030463576158940398,29.66079153362367
3554091,CSD,"Timiskaming, Unorganized, East Part (NO)",248.5485,5,38,4,3554,35,,NA,NA,NA,NA,NA,NA,NA,NA,NA,NA,NA,NA,NA,NA,NA,NA,0.020116798129942447
3554094,CSD,"Timiskaming, Unorganized, West Part (NO)",10199.8049,3210,1934,1380,3554,35,,1380,1325,0,0,0,5,5,115,636,650,0.9601449275362319,0,0,0.0036231884057971015,0.0036231884057971015,0,0.31471190198941945
3556014,CSD,Black River-Matheson (TP),1161.8871,2572,1403,1078,3556,35,,1075,950,5,15,5,0,70,125,620,820,0.8837209302325582,0.013953488372093023,0.004651162790697674,0,0.06511627906976744,0.004651162790697674,2.2136402065226477
3556027,CSD,Timmins (CY),2955.3264,41145,19390,17886,3556,35,35586,17890,11650,515,1185,605,1100,2480,2875,1150,940,0.6512017887087759,0.06623812185578536,0.033817775293460035,0.06148686416992733,0.13862493012856344,0.02878703186137507,13.92232005236376
3556031,CSD,Iroquois Falls (T),599.0313,4418,2153,1977,3556,35,,1975,1500,0,140,55,80,195,220,695,725,0.759493670886076,0.07088607594936709,0.027848101265822784,0.04050632911392405,0.09873417721518987,0,7.375240659377899
3556033,CSD,Abitibi 70 (IRI),78.2318,156,76,68,3556,35,,65,55,0,0,0,0,5,NA,NA,NA,0.8461538461538461,0,0,0,0.07692307692307693,0,1.9940740210502632
3556042,CSD,Cochrane (T),537.9017,5390,2540,2316,3556,35,,2315,1540,0,175,30,45,385,325,890,820,0.6652267818574514,0.0755939524838013,0.012958963282937365,0.019438444924406047,0.16630669546436286,0,10.020418228832517
3556048,CSD,Smooth Rock Falls (T),199.7263,1200,650,582,3556,35,,580,500,0,40,5,5,25,60,580,750,0.8620689655172413,0.06896551724137931,0.008620689655172414,0.008620689655172414,0.04310344827586207,0,6.00822225215207
3556052,CSD,Fauquier-Strickland (TP),1010.4496,467,278,227,3556,35,,225,200,0,0,0,0,25,20,444,700,0.8888888888888888,0,0,0,0.1111111111111111,0,0.46217050311069446
3556056,CSD,Moonbeam (TP),234.4636,1157,759,524,3556,35,,525,515,0,5,0,0,0,40,810,930,0.9809523809523809,0.009523809523809525,0,0,0,0,4.934667897277018
3556066,CSD,Kapuskasing (T),83.9818,8057,4134,3790,3556,35,,3790,2355,100,155,60,195,915,500,820,740,0.6213720316622692,0.040897097625329816,0.0158311345646438,0.051451187335092345,0.24142480211081793,0.026385224274406333,95.93745311484155
3556070,CSD,Val Rita-Harty (TP),378.8892,757,382,326,3556,35,,325,285,0,0,15,0,0,25,850,790,0.8769230769230769,0,0.046153846153846156,0,0,0,1.9979455735344263
3556073,CSD,Opasatika (TP),327.0935,200,110,101,3556,35,,100,95,0,5,0,0,0,NA,424,NA,0.95,0.05,0,0,0,0,0.6114459626987391
3556076,CSD,Hearst (T),98.0598,4794,2373,2254,3556,35,,2255,1335,0,90,120,155,495,295,860,705,0.5920177383592018,0.03991130820399113,0.05321507760532151,0.06873614190687362,0.21951219512195122,0,48.88853536311516
3556077,CSD,Mattice-Val Côté (TP),412.8052,542,260,241,3556,35,,245,230,0,0,0,10,5,0,572,NA,0.9387755102040817,0,0,0.04081632653061224,0.02040816326530612,0,1.3129679567989938
3556091,CSD,"Cochrane, Unorganized, South West Part (NO)",552.1833,5,38,4,3556,35,,NA,NA,NA,NA,NA,NA,NA,NA,NA,NA,NA,NA,NA,NA,NA,NA,0.009054964175845231
3556092,CSD,"Cochrane, Unorganized, North Part (NO)",130291.6337,2546,1494,1035,3556,35,,1035,945,0,15,20,20,5,85,765,624,0.9130434782608695,0.014492753623188406,0.01932367149758454,0.01932367149758454,0.004830917874396135,0,0.019540778848949225
3556093,CSD,Fort Albany (Part) 67 (IRI),3.5187,775,237,200,3556,35,,200,165,0,30,5,0,0,0,NA,NA,0.825,0.15,0.025,0,0,0,220.2517975388638
3556094,CSD,Factory Island 1 (IRI),3.2477,1376,462,398,3556,35,,400,335,0,20,20,15,0,0,NA,NA,0.8375,0.05,0.05,0.0375,0,0,423.68445361332635
3556095,CSD,Constance Lake 92 (IRI),25.6923,741,242,228,3556,35,,230,185,0,15,30,0,0,0,NA,NA,0.8043478260869565,0.06521739130434782,0.13043478260869565,0,0,0,28.841326000397007
3556096,CSD,Moose Factory 68 (IRI),169.1581,0,0,0,3556,35,,NA,NA,NA,NA,NA,NA,NA,NA,NA,NA,NA,NA,NA,NA,NA,NA,0
3556098,CSD,"Cochrane, Unorganized, South East Part (NO)",53.4596,25,19,15,3556,35,,NA,NA,NA,NA,NA,NA,NA,NA,NA,NA,NA,NA,NA,NA,NA,NA,0.4676428555395102
3556100,CSD,Flying Post 73 (IRI),58.1746,0,0,0,3556,35,,NA,NA,NA,NA,NA,NA,NA,NA,NA,NA,NA,NA,NA,NA,NA,NA,0
3556102,CSD,New Post 69A (IRI),1.2863,128,38,35,3556,35,,35,25,0,10,5,0,0,NA,NA,NA,0.7142857142857143,0.2857142857142857,0.14285714285714285,0,0,0,99.5102231205784
3556106,CSD,Moosonee (TV),547.826,1512,629,487,3556,35,,490,335,0,80,5,35,30,60,1220,900,0.6836734693877551,0.16326530612244897,0.01020408163265306,0.07142857142857142,0.061224489795918366,0,2.7600004380953074
3557001,CSD,Jocelyn (TP),130.4344,314,360,175,3557,35,,175,175,0,0,0,0,0,25,680,NA,1,0,0,0,0,0,2.407340394865158
3557004,CSD,Hilton (TP),114.7674,382,335,162,3557,35,,160,160,0,0,0,0,0,0,632,NA,1,0,0,0,0,0,3.3284713254809293
3557006,CSD,Hilton Beach (VL),2.5183,198,134,98,3557,35,,95,80,0,0,0,0,15,NA,890,NA,0.8421052631578947,0,0,0,0.15789473684210525,0,78.62446888774173
3557008,CSD,St. Joseph (TP),127.6514,1426,909,612,3557,35,,615,580,0,0,25,0,5,100,880,830,0.943089430894309,0,0.04065040650406504,0,0.008130081300813009,0,11.171048652815402
3557011,CSD,Laird (TP),103.2549,1121,560,470,3557,35,35590,470,470,0,0,0,0,0,40,990,NA,1,0,0,0,0,0,10.85662762735715
3557014,CSD,Tarbutt and Tarbutt Additional (TP),52.7917,573,398,239,3557,35,,240,240,0,0,0,0,0,20,930,NA,1,0,0,0,0,0,10.85397893987123
3557016,CSD,Johnson (TP),119.4744,749,422,272,3557,35,,275,265,0,0,0,0,0,20,645,NA,0.9636363636363636,0,0,0,0,0,6.269125436076682
3557019,CSD,Plummer Additional (TP),219.2418,757,519,328,3557,35,,330,325,0,0,0,0,0,55,604,NA,0.9848484848484849,0,0,0,0,0,3.4528087253434334
3557021,CSD,Bruce Mines (T),6.0867000000000004,582,293,263,3557,35,,265,235,0,0,0,0,20,25,695,600,0.8867924528301887,0,0,0,0.07547169811320754,0,95.61831534328947
3557026,CSD,Thessalon 12 (IRI),9.574,151,71,59,3557,35,,60,60,0,0,0,0,0,NA,NA,NA,1,0,0,0,0,0,15.771882180906623
3557028,CSD,Thessalon (T),4.3829,1260,600,559,3557,35,,560,455,0,5,0,25,65,80,592,660,0.8125,0.008928571428571428,0,0.044642857142857144,0.11607142857142858,0,287.48089164708296
3557035,CSD,Huron Shores (MU),451.8745,1860,1171,834,3557,35,,830,795,0,5,5,10,15,75,580,730,0.95783132530120485,0.006024096385542169,0.006024096385542169,0.012048192771084338,0.018072289156626505,0,4.11618712717801
3557038,CSD,Blind River (T),513.98,3422,2207,1600,3557,35,,1600,1245,0,75,10,80,170,205,720,775,0.778125,0.046875,0.00625,0.05,0.10625,0,6.657846608817463
3557039,CSD,Spanish (T),106.8961,670,392,322,3557,35,,325,290,0,0,5,25,5,70,548,556,0.8923076923076924,0,0.015384615384615385,0.07692307692307693,0.015384615384615385,0,6.267768421860105
3557040,CSD,The North Shore (TP),230.1653,531,365,249,3557,35,,250,235,0,0,0,5,0,0,576,NA,0.94,0,0,0.02,0,0,2.3070375942854984
3557041,CSD,Elliot Lake (CY),696.0558,11372,6275,5839,3557,35,35582,5840,2630,575,1100,600,55,880,1155,612,800,0.4503424657534247,0.18835616438356165,0.10273972602739725,0.009417808219178082,0.1506849315068493,0.09845890410958905,16.33777062126341
3557051,CSD,"Macdonald, Meredith and Aberdeen Additional (TP)",163.2557,1513,803,603,3557,35,35590,600,580,0,5,0,15,0,55,880,870,0.9666666666666667,0.008333333333333333,0,0.025,0,0,9.267670286550485
3557061,CSD,Sault Ste. Marie (CY),221.9912,72051,34818,32530,3557,35,35590,32530,21150,2060,1810,945,1425,4965,5215,910,890,0.6501690747002766,0.055640946818321546,0.029050107592991085,0.04380571779895481,0.1526283430679373,0.06332616046726099,324.56691976979266
3557066,CSD,Prince (TP),84.9786,975,462,394,3557,35,35590,395,390,0,0,0,0,0,20,800,NA,0.9873417721518988,0,0,0,0,0,11.473476851819164
3557071,CSD,Sagamok (IRI),96.8279,1110,408,385,3557,35,,385,300,0,35,40,0,10,0,NA,NA,0.7792207792207793,0.09090909090909091,0.1038961038961039,0,0.025974025974025976,0,11.463638062996306
3557072,CSD,Serpent River 7 (IRI),76.1413,351,151,145,3557,35,,145,125,0,20,0,0,0,0,NA,NA,0.8620689655172413,0.13793103448275862,0,0,0,0,4.609850370298379
3557073,CSD,Mississagi River 8 (IRI),18.2616,414,176,173,3557,35,,175,160,0,5,0,0,0,0,NA,NA,0.9142857142857143,0.02857142857142857,0,0,0,0,22.670521750558546
3557074,CSD,Garden River 14 (IRI),213.7053,1071,458,419,3557,35,35590,415,400,0,15,0,5,0,0,NA,NA,0.963855421686747,0.03614457831325301,0,0.012048192771084338,0,0,5.011574350285183
3557075,CSD,Rankin Location 15D (IRI),15.3923,0,0,0,3557,35,35590,NA,NA,NA,NA,NA,NA,NA,NA,NA,NA,NA,NA,NA,NA,NA,NA,0
3557076,CSD,Wawa (MU),411.8873,2705,1377,1213,3557,35,,1215,990,5,25,35,5,135,110,860,670,0.8148148148148148,0.0205761316872428,0.02880658436213992,0.00411522633744856,0.1111111111111111,0.00411522633744856,6.567330432377983
3557077,CSD,Goulais Bay 15A (IRI),6.7056,0,0,0,3557,35,,NA,NA,NA,NA,NA,NA,NA,NA,NA,NA,NA,NA,NA,NA,NA,NA,0
3557078,CSD,Gros Cap 49 (IRI),34.1179,63,38,35,3557,35,,35,25,0,0,5,0,0,NA,NA,NA,0.7142857142857143,0,0.14285714285714285,0,0,0,1.8465380342869873
3557079,CSD,Dubreuilville (TP),87.5281,576,284,248,3557,35,,245,190,0,35,10,0,10,45,650,710,0.7755102040816326,0.14285714285714285,0.04081632653061224,0,0.04081632653061224,0,6.580743783996225
3557091,CSD,White River (TP),95.5535,557,333,270,3557,35,,270,185,0,40,0,0,45,30,564,650,0.6851851851851852,0.14814814814814814,0,0,0.16666666666666666,0,5.829195162919202
3557092,CSD,Obadjiwan 15E (IRI),0.7079,0,0,0,3557,35,,NA,NA,NA,NA,NA,NA,NA,NA,NA,NA,NA,NA,NA,NA,NA,NA,0
3557094,CSD,"Algoma, Unorganized, South East Part (NO)",43.1748,5,1,1,3557,35,,NA,NA,NA,NA,NA,NA,NA,NA,NA,NA,NA,NA,NA,NA,NA,NA,0.11580829557982898
3557095,CSD,"Algoma, Unorganized, North Part (NO)",43618.9493,6050,5019,2773,3557,35,,2775,2515,0,10,0,0,10,225,544,765,0.9063063063063063,0.0036036036036036037,0,0,0.0036036036036036037,0,0.1387011860003698
3557096,CSD,Hornepayne (TP),203.0363,968,515,439,3557,35,,440,385,0,5,0,15,40,65,960,800,0.875,0.011363636363636364,0,0.03409090909090909,0.09090909090909091,0,4.7676203713326135
3558001,CSD,Neebing (MU),873.7821,2241,1205,942,3558,35,35595,940,930,0,0,0,0,0,50,930,665,0.9893617021276596,0,0,0,0,0,2.564712644033335
3558003,CSD,Fort William 52 (IRI),58.4978,964,391,361,3558,35,35595,365,295,0,0,5,0,0,0,NA,NA,0.8082191780821918,0,0.0136986301369863,0,0,0,16.479252211194268
3558004,CSD,Thunder Bay (CY),327.7716,108843,50995,48405,3558,35,35595,48405,31685,2575,2075,1445,2430,7865,7700,950,970,0.6545811383121578,0.042867472368556966,0.029852287986778227,0.05020142547257515,0.16248321454395206,0.05319698378266708,332.0696484991378
3558011,CSD,Oliver Paipoonge (MU),350.51,6035,2390,2323,3558,35,35595,2320,2150,0,20,40,5,50,240,1020,820,0.9267241379310345,0.008620689655172414,0.017241379310344827,0.0021551724137931034,0.021551724137931036,0,17.217768394624976
3558012,CSD,Gillies (TP),92.6764,441,208,186,3558,35,35595,190,175,0,0,0,0,0,0,870,NA,0.9210526315789473,0,0,0,0,0,4.758492992822337
3558016,CSD,O'Connor (TP),108.5557,689,283,274,3558,35,35595,275,270,0,0,0,0,0,0,1340,NA,0.9818181818181818,0,0,0,0,0,6.3469721074066126
3558019,CSD,Conmee (TP),167.6493,798,317,296,3558,35,35595,300,285,0,0,0,0,5,25,1050,NA,0.95,0,0,0,0.016666666666666666,0,4.75993636716646
3558028,CSD,Shuniah (MU),571.3443,3247,2088,1425,3558,35,35595,1425,1385,0,0,0,0,0,110,820,1200,0.9719298245614035,0,0,0,0,0,5.683088113419527
3558034,CSD,Dorion (TP),211.2519,375,176,160,3558,35,,160,160,0,0,0,0,0,10,572,NA,1,0,0,0,0,0,1.7751319633101523
3558041,CSD,Red Rock (TP),62.102,895,455,407,3558,35,,410,330,0,35,15,5,20,35,660,830,0.8048780487804879,0.08536585365853659,0.036585365853658534,0.012195121951219513,0.04878048780487805,0,14.411774177965283
3558044,CSD,Nipigon (TP),107.9386,1473,747,663,3558,35,,665,630,0,5,5,10,15,60,528,750,0.9473684210526315,0.007518796992481203,0.007518796992481203,0.015037593984962405,0.022556390977443608,0,13.646647260572214
3558051,CSD,Schreiber (TP),35.8058,1039,612,516,3558,35,,515,440,0,15,0,5,50,60,780,608,0.8543689320388349,0.02912621359223301,0,0.009708737864077669,0.0970873786407767,0,29.017645185975457
3558054,CSD,Terrace Bay (TP),151.4953,1528,793,713,3558,35,,710,615,0,15,15,0,70,90,765,750,0.8661971830985915,0.02112676056338028,0.02112676056338028,0,0.09859154929577464,0,10.086121483636788
3558059,CSD,Marathon (T),167.0282,3138,1602,1412,3558,35,,1415,1045,0,10,55,0,225,95,665,700,0.7385159010600707,0.007067137809187279,0.038869257950530034,0,0.15901060070671377,0,18.78724670444871
3558060,CSD,Pic Mobert North (IRI),1.672,138,61,54,3558,35,,55,50,0,0,0,0,0,NA,NA,NA,0.9090909090909091,0,0,0,0,0,82.53588516746412
3558061,CSD,Pic Mobert South (IRI),0.3162,127,57,48,3558,35,,50,40,0,5,0,0,0,NA,NA,NA,0.8,0.1,0,0,0,0,401.6445287792537
3558062,CSD,Pic River 50 (IRI),4.0299,372,164,141,3558,35,,140,120,0,10,15,0,0,0,NA,NA,0.8571428571428571,0.07142857142857142,0.10714285714285714,0,0,0,92.30998287798705
3558063,CSD,Pays Plat 51 (IRI),2.028,100,37,36,3558,35,,35,35,0,0,0,0,0,NA,NA,NA,1,0,0,0,0,0,49.30966469428008
3558064,CSD,Lake Helen 53A (IRI),0.8638,240,97,91,3558,35,,90,90,0,0,0,0,0,NA,NA,NA,1,0,0,0,0,0,277.8420930771012
3558065,CSD,Gull River 55 (IRI),39.7735,110,90,60,3558,35,,60,50,0,0,0,0,0,NA,NA,NA,0.8333333333333334,0,0,0,0,0,2.765660552880687
3558066,CSD,Manitouwadge (TP),352.1733,1974,1059,920,3558,35,,920,800,0,40,40,10,30,70,720,600,0.8695652173913043,0.043478260869565216,0.043478260869565216,0.010869565217391304,0.03260869565217391,0,5.605194942376381
3558067,CSD,Ginoogaming First Nation (IRI),68.6538,200,65,62,3558,35,,60,55,0,5,0,0,0,NA,NA,NA,0.9166666666666666,0.08333333333333333,0,0,0,0,2.91316722453819
3558068,CSD,Long Lake 58 (IRI),2.7521,410,127,123,3558,35,,125,95,0,10,15,0,0,0,NA,NA,0.76,0.08,0.12,0,0,0,148.9771447258457
3558069,CSD,Rocky Bay 1 (IRI),0.2598,154,72,52,3558,35,,55,50,0,0,0,0,0,NA,NA,NA,0.9090909090909091,0,0,0,0,0,592.7636643571979
3558074,CSD,Sand Point First Nation (IRI),10.7128,5,29,4,3558,35,,NA,NA,NA,NA,NA,NA,NA,NA,NA,NA,NA,NA,NA,NA,NA,NA,0.4667313867522963
3558075,CSD,Greenstone (MU),2727.0352,4309,2449,1920,3558,35,,1920,1675,0,25,40,25,140,210,675,745,0.8723958333333334,0.013020833333333334,0.020833333333333332,0.013020833333333334,0.07291666666666667,0,1.5801042832157064
3558076,CSD,Aroland (S-É),3.3384,178,58,57,3558,35,,55,55,0,0,0,0,0,NA,NA,NA,1,0,0,0,0,0,53.31895518811407
3558077,CSD,Lake Nipigon (IRI),12.8859,0,0,0,3558,35,,NA,NA,NA,NA,NA,NA,NA,NA,NA,NA,NA,NA,NA,NA,NA,NA,0
3558080,CSD,Ojibway Nation of Saugeen (Savant Lake) (IRI),57.0578,88,37,28,3558,35,,25,25,0,0,0,0,0,NA,NA,NA,1,0,0,0,0,0,1.5422957071601078
3558085,CSD,Osnaburgh 63A (IRI),47.4792,233,57,48,3558,35,,45,15,0,0,0,0,0,NA,NA,NA,0.3333333333333333,0,0,0,0,0,4.907412087819509
3558090,CSD,"Thunder Bay, Unorganized (NO)",96255.9194,6221,5671,2784,3558,35,,2785,2610,0,10,5,10,25,260,640,548,0.9371633752244165,0.003590664272890485,0.0017953321364452424,0.003590664272890485,0.008976660682226212,0,0.06462979148480295
3558092,CSD,Red Rock 53 (IRI),2.2437,0,15,0,3558,35,,NA,NA,NA,NA,NA,NA,NA,NA,NA,NA,NA,NA,NA,NA,NA,NA,0
3558097,CSD,Whitesand (IRI),2.5556,297,103,90,3558,35,,90,55,0,0,35,0,0,0,NA,NA,0.6111111111111112,0,0.3888888888888889,0,0,0,116.21537016747534
3558100,CSD,Lac des Mille Lacs 22A1 (IRI),17.3228,0,0,0,3558,35,,NA,NA,NA,NA,NA,NA,NA,NA,NA,NA,NA,NA,NA,NA,NA,NA,0
3559001,CSD,Atikokan (T),313.6416,2642,1464,1259,3559,35,,1260,1155,0,5,0,20,75,150,650,705,0.9166666666666666,0.003968253968253968,0,0.015873015873015872,0.05952380952380952,0,8.423627477987614
3559011,CSD,Alberton (TP),116.5966,954,355,340,3559,35,,340,320,0,5,5,0,5,30,730,548,0.9411764705882353,0.014705882352941176,0.014705882352941176,0,0.014705882352941176,0,8.182056766663866
3559012,CSD,Fort Frances (T),25.5508,7466,3779,3451,3559,35,,3450,2665,0,55,115,25,525,390,840,800,0.7724637681159421,0.015942028985507246,0.03333333333333333,0.007246376811594203,0.15217391304347827,0,292.2022011052492
3559016,CSD,La Vallee (TP),237.1225,788,379,319,3559,35,,320,300,0,0,0,0,0,0,900,NA,0.9375,0,0,0,0,0,3.323176838975635
3559019,CSD,Emo (TP),202.2797,1204,521,472,3559,35,,475,425,0,10,0,10,20,60,900,500,0.8947368421052632,0.021052631578947368,0,0.021052631578947368,0.042105263157894736,0,5.952154368431435
3559024,CSD,Chapple (TP),558.1508,763,332,265,3559,35,,265,235,0,10,0,0,0,15,700,NA,0.8867924528301887,0.03773584905660377,0,0,0,0,1.3670140757659042
3559026,CSD,Manitou Rapids 11 (IRI),22.7254,300,107,102,3559,35,,100,90,0,5,5,0,5,0,NA,NA,0.9,0.05,0.05,0,0.05,0,13.201087769632217
3559031,CSD,Morley (TP),388.3841,493,235,186,3559,35,,185,180,0,0,0,0,0,0,540,NA,0.972972972972973,0,0,0,0,0,1.2693619537977996
3559040,CSD,Dawson (TP),343.4159,399,274,190,3559,35,,190,185,0,0,0,0,0,0,524,NA,0.9736842105263158,0,0,0,0,0,1.161856512759019
3559042,CSD,Rainy River (T),3.1154,752,398,366,3559,35,,365,305,0,5,0,5,45,45,612,604,0.8356164383561644,0.0136986301369863,0,0.0136986301369863,0.1232876712328767,0,241.38152404185658
3559046,CSD,Assabaska (IRI),8.7056,0,0,0,3559,35,,NA,NA,NA,NA,NA,NA,NA,NA,NA,NA,NA,NA,NA,NA,NA,NA,0
3559047,CSD,Lake of the Woods (TP),746.2423,308,454,140,3559,35,,140,125,0,0,0,0,0,NA,484,NA,0.8928571428571429,0,0,0,0,0,0.41273457695978905
3559051,CSD,Big Grassy River 35G (IRI),33.7279,251,88,82,3559,35,,85,85,0,0,0,0,0,0,NA,NA,1,0,0,0,0,0,7.441910110027604
3559052,CSD,Big Island Mainland 93 (IRI),0.4241,5,3,2,3559,35,,NA,NA,NA,NA,NA,NA,NA,NA,NA,NA,NA,NA,NA,NA,NA,NA,11.78967224711153
3559053,CSD,Saug-A-Gaw-Sing 1 (IRI),0.6771,136,52,44,3559,35,,40,35,0,0,10,5,0,NA,NA,NA,0.875,0,0.25,0.125,0,0,200.85659429921725
3559060,CSD,Neguaguon Lake 25D (IRI),62.7046,118,56,34,3559,35,,35,25,0,0,5,0,0,NA,NA,NA,0.7142857142857143,0,0.14285714285714285,0,0,0,1.8818396098531847
3559061,CSD,Rainy Lake 18C (IRI),17.9287,125,49,44,3559,35,,45,35,0,0,10,0,0,NA,NA,NA,0.7777777777777778,0,0.2222222222222222,0,0,0,6.972061554937056
3559062,CSD,Agency 1 (IRI),0.4793,0,0,0,3559,35,,NA,NA,NA,NA,NA,NA,NA,NA,NA,NA,NA,NA,NA,NA,NA,NA,0
3559063,CSD,Couchiching 16A (IRI),65.4663,633,252,236,3559,35,,235,200,0,10,15,0,15,0,NA,NA,0.851063829787234,0.0425531914893617,0.06382978723404255,0,0.06382978723404255,0,9.669096924677277
3559064,CSD,Rainy Lake 26A (IRI),24.1166,158,47,46,3559,35,,45,40,0,0,0,5,0,NA,NA,NA,0.8888888888888888,0,0,0.1111111111111111,0,0,6.551503943341931
3559066,CSD,Seine River 23A (IRI),15.7154,270,90,85,3559,35,,85,75,0,0,5,0,0,0,NA,NA,0.8823529411764706,0,0.058823529411764705,0,0,0,17.180599921096505
3559068,CSD,Rainy Lake 17A (IRI),14.2197,234,78,76,3559,35,,75,55,0,0,15,0,0,NA,NA,NA,0.7333333333333333,0,0.2,0,0,0,16.45604337644254
3559069,CSD,Rainy Lake 17B (IRI),9.8066,5,2,2,3559,35,,NA,NA,NA,NA,NA,NA,NA,NA,NA,NA,NA,NA,NA,NA,NA,NA,0.5098607060551058
3559089,CSD,Sturgeon Falls 23 (IRI),26.4255,10,2,2,3559,35,,NA,NA,NA,NA,NA,NA,NA,NA,NA,NA,NA,NA,NA,NA,NA,NA,0.37842235719286293
3559090,CSD,"Rainy River, Unorganized (NO)",12163.3271,1423,1662,572,3559,35,,570,555,0,0,0,0,5,20,596,810,0.9736842105263158,0,0,0,0.008771929824561403,0,0.11699101638070722
3560001,CSD,Ignace (TP),72.1277,1206,664,551,3560,35,,550,510,0,10,0,0,15,75,596,775,0.9272727272727272,0.01818181818181818,0,0,0.02727272727272727,0,16.720344611016294
3560004,CSD,Whitefish Bay 32A (IRI),18.3598,610,211,186,3560,35,,185,165,0,5,10,0,0,0,NA,NA,0.8918918918918919,0.02702702702702703,0.05405405405405406,0,0,0,33.22476279698036
3560005,CSD,Whitefish Bay 33A (IRI),12.083,94,38,33,3560,35,,35,30,0,5,0,0,0,NA,NA,NA,0.8571428571428571,0.14285714285714285,0,0,0,0,7.77952495241248
3560008,CSD,Sioux Narrows-Nestor Falls (TP),1215.8036,727,1061,330,3560,35,,330,320,0,0,5,0,0,15,632,NA,0.9696969696969697,0,0.015151515151515152,0,0,0,0.5979584202580088
3560010,CSD,Kenora (CY),211.6539,14967,7637,6510,3560,35,35598,6510,5020,165,170,90,245,715,1085,1150,1050,0.7711213517665131,0.026113671274961597,0.013824884792626729,0.03763440860215054,0.1098310291858679,0.02534562211981567,70.7145013628381
3560021,CSD,Machin (MU),290.142,1012,632,457,3560,35,,455,415,0,10,5,0,20,20,850,725,0.9120879120879121,0.02197802197802198,0.01098901098901099,0,0.04395604395604396,0,3.4879472809865515
3560024,CSD,Eagle Lake 27 (IRI),32.3787,257,110,101,3560,35,,105,85,0,10,5,0,0,0,NA,NA,0.8095238095238095,0.09523809523809523,0.047619047619047616,0,0,0,7.937316816302075
3560027,CSD,Dryden (CY),65.5818,7388,3574,3314,3560,35,,3315,2540,0,135,70,50,470,350,830,860,0.7662141779788839,0.04072398190045249,0.021116138763197588,0.015082956259426848,0.14177978883861236,0,112.65320561497245
3560032,CSD,Ear Falls (TP),336.6868,924,506,402,3560,35,,405,260,0,40,10,10,20,75,1070,1100,0.6419753086419753,0.09876543209876543,0.024691358024691357,0.024691358024691357,0.04938271604938271,0,2.7443903354690473
3560034,CSD,Sioux Lookout (MU),378.0192,5839,2647,2340,3560,35,,2340,1590,0,130,75,170,260,320,1280,1120,0.6794871794871795,0.05555555555555555,0.03205128205128205,0.07264957264957266,0.1111111111111111,0,15.446305372848785
3560042,CSD,Red Lake (MU),602.9295,4094,1899,1703,3560,35,,1700,1385,0,25,65,25,160,215,1150,970,0.8147058823529412,0.014705882352941176,0.03823529411764706,0.014705882352941176,0.09411764705882353,0,6.790180278125386
3560046,CSD,Slate Falls (IRI),62.9511,299,72,63,3560,35,,65,35,0,30,0,0,0,0,NA,NA,0.5384615384615384,0.46153846153846156,0,0,0,0,4.74971843224344
3560049,CSD,Pickle Lake (TP),247.2086,398,221,155,3560,35,,155,85,30,30,10,0,0,25,790,850,0.5483870967741935,0.1935483870967742,0.06451612903225806,0,0,0.1935483870967742,1.6099763519553931
3560050,CSD,Fort Albany (Part) 67 (IRI),363.7914,0,0,0,3560,35,,NA,NA,NA,NA,NA,NA,NA,NA,NA,NA,NA,NA,NA,NA,NA,NA,0
3560051,CSD,Attawapiskat 91A (IRI),1.7524,1586,404,359,3560,35,,355,260,0,65,10,0,0,0,NA,NA,0.7323943661971831,0.18309859154929578,0.028169014084507043,0,0,0,905.0445103857567
3560052,CSD,Marten Falls 65 (IRI),79.0041,243,85,69,3560,35,,70,55,0,0,0,10,5,NA,NA,NA,0.7857142857142857,0,0,0.14285714285714285,0.07142857142857142,0,3.075789737494637
3560053,CSD,Fort Hope 64 (IRI),239.2883,977,349,258,3560,35,,260,230,0,15,5,0,0,0,NA,NA,0.8846153846153846,0.057692307692307696,0.019230769230769232,0,0,0,4.08294095448879
3560054,CSD,Cat Lake 63C (IRI),17.1065,651,161,143,3560,35,,145,105,0,10,10,0,0,0,NA,NA,0.7241379310344828,0.06896551724137931,0.06896551724137931,0,0,0,38.05570981790547
3560055,CSD,Osnaburgh 63B (IRI),125.3658,524,126,104,3560,35,,100,70,0,15,5,0,0,0,NA,NA,0.7,0.15,0.05,0,0,0,4.179768325970879
3560056,CSD,Lac Seul 28 (IRI),243.7303,1022,364,321,3560,35,,320,280,0,20,20,0,0,0,NA,NA,0.875,0.0625,0.0625,0,0,0,4.193159406114053
3560057,CSD,Wabigoon Lake 27 (IRI),42.6784,175,86,80,3560,35,,80,55,0,10,5,0,0,NA,NA,NA,0.6875,0.125,0.0625,0,0,0,4.100434880407888
3560058,CSD,English River 21 (IRI),39.3005,584,230,182,3560,35,,180,15,0,10,10,0,0,0,NA,NA,0.08333333333333333,0.05555555555555555,0.05555555555555555,0,0,0,14.859861833818908
3560059,CSD,Weagamow Lake 87 (IRI),89.8424,921,240,232,3560,35,,235,220,0,0,5,0,0,0,NA,NA,0.9361702127659575,0,0.02127659574468085,0,0,0,10.251284471474493
3560060,CSD,Northwest Angle 33B (IRI),12.4065,52,45,26,3560,35,,30,20,0,0,0,0,0,NA,NA,NA,0.6666666666666666,0,0,0,0,0,4.191351307782211
3560061,CSD,Wabaseemoong (IRI),76.0795,815,238,224,3560,35,,225,205,0,5,10,0,0,0,NA,NA,0.9111111111111111,0.022222222222222223,0.044444444444444446,0,0,0,10.712478394311214
3560063,CSD,Sabaskong Bay 35D (IRI),5.0073,383,137,116,3560,35,,115,100,0,0,10,0,0,0,NA,NA,0.8695652173913043,0,0.08695652173913043,0,0,0,76.48832704251792
3560064,CSD,Shoal Lake 34B2 (IRI),1.8543,81,39,37,3560,35,,35,35,0,0,5,0,0,NA,NA,NA,1,0,0.14285714285714285,0,0,0,43.68225206277301
3560065,CSD,Lake of the Woods 37 (IRI),11.8959,49,26,19,3560,35,,20,20,0,0,0,0,0,NA,NA,NA,1,0,0,0,0,0,4.119066232903774
3560066,CSD,Kenora 38B (IRI),19.445,402,145,133,3560,35,,135,105,0,0,5,0,20,0,NA,NA,0.7777777777777778,0,0.037037037037037035,0,0.14814814814814814,0,20.67369503728465
3560067,CSD,Poplar Hill (IRI),6.8293,663,146,127,3560,35,,130,125,0,5,5,0,0,0,NA,NA,0.9615384615384616,0.038461538461538464,0.038461538461538464,0,0,0,97.08169212071516
3560068,CSD,Shoal Lake 39A (IRI),32.5522,445,168,158,3560,35,,155,130,0,5,15,5,0,0,NA,NA,0.8387096774193549,0.03225806451612903,0.0967741935483871,0.03225806451612903,0,0,13.670351005461997
3560069,CSD,Rat Portage 38A (IRI),29.6436,171,245,62,3560,35,,60,60,0,0,0,0,0,NA,NA,NA,1,0,0,0,0,0,5.768530138039914
3560070,CSD,Deer Lake (IRI),13.6526,1087,330,262,3560,35,,265,255,0,0,0,0,0,0,NA,NA,0.9622641509433962,0,0,0,0,0,79.61853419861419
3560071,CSD,Sandy Lake 88 (IRI),44.3142,2100,568,493,3560,35,,495,485,0,5,5,0,0,0,NA,NA,0.9797979797979798,0.010101010101010102,0.010101010101010102,0,0,0,47.388873092597855
3560075,CSD,Kitchenuhmaykoosib Aaki 84 (IRI),277.0135,1029,289,276,3560,35,,275,245,0,5,20,10,0,0,NA,NA,0.8909090909090909,0.01818181818181818,0.07272727272727272,0.03636363636363636,0,0,3.714620406586682
3560076,CSD,Sachigo Lake 1 (IRI),30.0728,608,175,163,3560,35,,165,155,0,0,5,0,0,0,NA,NA,0.9393939393939394,0,0.030303030303030304,0,0,0,20.21760527785906
3560077,CSD,Pikangikum 14 (IRI),8.3858,0,0,0,3560,35,,NA,NA,NA,NA,NA,NA,NA,NA,NA,NA,NA,NA,NA,NA,NA,NA,0
3560078,CSD,Fort Severn 89 (IRI),42.64,364,92,92,3560,35,,90,75,0,5,5,5,0,0,NA,NA,0.8333333333333334,0.05555555555555555,0.05555555555555555,0.05555555555555555,0,0,8.536585365853659
3560079,CSD,Webequie (IRI),320.3531,723,171,166,3560,35,,170,140,0,25,0,0,0,0,NA,NA,0.8235294117647058,0.14705882352941177,0,0,0,0,2.2568846688232456
3560080,CSD,North Spirit Lake (IRI),18.2061,265,91,81,3560,35,,85,75,0,10,0,0,0,0,NA,NA,0.8823529411764706,0.11764705882352941,0,0,0,0,14.555561048220103
3560081,CSD,Lansdowne House (S-É),1.1526,0,0,0,3560,35,,NA,NA,NA,NA,NA,NA,NA,NA,NA,NA,NA,NA,NA,NA,NA,NA,0
3560082,CSD,Shoal Lake (Part) 40 (IRI),4.8659,96,33,31,3560,35,,30,25,0,0,5,10,0,NA,NA,NA,0.8333333333333334,0,0.16666666666666666,0.3333333333333333,0,0,19.729135411742945
3560083,CSD,Whitefish Bay 34A (IRI),5.5007,125,40,35,3560,35,,35,30,0,0,0,0,0,NA,NA,NA,0.8571428571428571,0,0,0,0,0,22.724380533386658
3560084,CSD,Wabauskang 21 (IRI),30.682,57,24,20,3560,35,,20,20,0,0,0,0,0,NA,NA,NA,1,0,0,0,0,0,1.8577667687895183
3560085,CSD,Wunnumin 1 (IRI),64.0005,587,145,129,3560,35,,130,130,0,0,0,0,0,0,NA,NA,1,0,0,0,0,0,9.171803345286365
3560086,CSD,Summer Beaver (S-É),15.3947,355,113,87,3560,35,,85,75,0,5,5,0,0,0,NA,NA,0.8823529411764706,0.058823529411764705,0.058823529411764705,0,0,0,23.059884245876827
3560088,CSD,Wapekeka 2 (IRI),27.1955,456,135,117,3560,35,,115,100,0,10,0,0,10,0,NA,NA,0.8695652173913043,0.08695652173913043,0,0,0.08695652173913043,0,16.767479913956354
3560089,CSD,The Dalles 38C (IRI),33.6915,180,66,62,3560,35,,65,50,0,10,0,0,0,NA,NA,NA,0.7692307692307693,0.15384615384615385,0,0,0,0,5.3425938293041275
3560090,CSD,"Kenora, Unorganized (NO)",388982.1976,7475,7310,3272,3560,35,,3270,3075,0,25,5,15,40,275,584,670,0.9403669724770642,0.00764525993883792,0.0015290519877675841,0.0045871559633027525,0.012232415902140673,0,0.01921681775186721
3560091,CSD,Peawanuck (S-É),3.2214,247,97,90,3560,35,,90,75,0,5,0,0,5,NA,NA,NA,0.8333333333333334,0.05555555555555555,0,0,0.05555555555555555,0,76.67473769168684
3560093,CSD,Neskantaga (IRI),10.0494,244,89,75,3560,35,,75,70,0,0,0,0,5,NA,NA,NA,0.9333333333333333,0,0,0,0.06666666666666667,0,24.28005652078731
3560095,CSD,Bearskin Lake (IRI),144.9326,447,152,126,3560,35,,125,110,0,0,10,0,0,0,NA,NA,0.88,0,0.08,0,0,0,3.084192238323193
3560096,CSD,Kasabonika Lake (IRI),101.7303,1060,252,228,3560,35,,230,180,0,45,5,0,0,0,NA,NA,0.782608695652174,0.1956521739130435,0.021739130434782608,0,0,0,10.419707796005714
3560097,CSD,Muskrat Dam Lake (IRI),24.7125,0,0,0,3560,35,,NA,NA,NA,NA,NA,NA,NA,NA,NA,NA,NA,NA,NA,NA,NA,NA,0
3560098,CSD,Kingfisher Lake 1 (IRI),9.1173,511,127,117,3560,35,,120,100,0,0,0,5,10,0,NA,NA,0.8333333333333334,0,0,0.041666666666666664,0.08333333333333333,0,56.047294703475806
3560100,CSD,Wawakapewin (IRI),53.0382,16,14,9,3560,35,,NA,NA,NA,NA,NA,NA,NA,NA,NA,NA,NA,NA,NA,NA,NA,NA,0.301669362836597
3560104,CSD,Kee-Way-Win (IRI),182.4503,409,95,92,3560,35,,90,85,0,5,0,0,0,0,NA,NA,0.9444444444444444,0.05555555555555555,0,0,0,0,2.2417063715433736
